,fis_dp,fis_eqop,dp_std,eq_std,accuracy,accuracy_var
0,-0.22,-0.22,0.0011439999999999988,0.0011439999999999988,0.12347090258511957,0.00022049400254343143
1,-0.17,-0.17,0.0005360000000000012,0.0005360000000000012,0.06893470697337185,0.0003369312700944106
2,0.0,0.0,6.39999999999999e-05,6.39999999999999e-05,0.00038526835932941185,5.937268348015072e-07
3,0.0,0.0,7.999999999999991e-05,7.999999999999991e-05,0.0014810741650451687,2.0612210820285237e-06
4,-0.28,-0.28,0.001023999999999997,0.001023999999999997,0.39885217587589245,0.003126533750279817
5,-0.33000000000000007,-0.33000000000000007,0.00037600000000000063,0.00037600000000000063,0.4051998870600739,0.00294210454838473
6,0.0,0.0,0.0,0.0,0.0,0.0
7,0.0,0.0,0.00013599999999999997,0.00013599999999999997,0.0016759849811676247,7.448555245039683e-06
