,fis_dp,fis_eqop,dp_std,eq_std,accuracy,accuracy_var
0,-0.21,-0.21,0.0007439999999999949,0.0007439999999999949,0.12295629414823843,0.00020855065763976613
1,-0.15999999999999998,-0.15999999999999998,0.0006399999999999985,0.0006399999999999985,0.07136675849230663,0.0002792474134942208
2,0.0,0.0,0.0002560000000000009,0.0002560000000000009,0.0015918602982082114,1.0136076836046144e-05
3,0.0,0.0,0.0,0.0,0.0,0.0
4,-0.29,-0.29,0.0006159999999999961,0.0006159999999999961,0.4052102440818798,0.002789675798134167
5,-0.3400000000000001,-0.3400000000000001,0.00048000000000000576,0.00048000000000000576,0.3982710450863203,0.001960323637259123
6,0.0,0.0,0.0,0.0,0.0,0.0
7,0.0,0.0,6.399999999999996e-05,6.399999999999996e-05,0.0006037978930466476,1.4582875825902834e-06
