,ratio,protected,else
0,0.1,0.3253968253968254,0.5659163987138264
1,0.2,0.3253968253968254,0.5659163987138264
2,0.3,0.3253968253968254,0.5659163987138264
3,0.4,0.3253968253968254,0.5659163987138264
4,0.5,0.3253968253968254,0.5659163987138264
