,ratio,protected,else
0,0.1,0.2,0.7166666666666667
1,0.2,0.2,0.7166666666666667
2,0.3,0.2,0.7166666666666667
3,0.4,0.2,0.7166666666666667
4,0.5,0.2,0.7166666666666667
