,ratio,protected,else
0,0.1,0.3175355450236967,0.5690747782002535
1,0.2,0.3175355450236967,0.5690747782002535
2,0.3,0.3175355450236967,0.5690747782002535
3,0.4,0.3175355450236967,0.5690747782002535
4,0.5,0.3175355450236967,0.5690747782002535
