,ratio,protected,else
0,0.1,0.32068965517241377,0.5661971830985916
1,0.2,0.32068965517241377,0.5661971830985916
2,0.3,0.32068965517241377,0.5661971830985916
3,0.4,0.32068965517241377,0.5661971830985916
4,0.5,0.32068965517241377,0.5661971830985916
