,ratio,protected,else
0,0.1,0.3157894736842105,0.6419753086419753
1,0.2,0.3157894736842105,0.6419753086419753
2,0.3,0.3157894736842105,0.6419753086419753
3,0.4,0.3157894736842105,0.6419753086419753
4,0.5,0.3157894736842105,0.6419753086419753
