,ratio,protected,else
0,0.5,0.32,0.62
1,0.6,0.35,0.65
2,0.7,0.43333333333333335,0.6428571428571429
3,0.8,0.45,0.65
