,ratio,protected,else
0,0.5,0.336,0.586
1,0.6,0.3275,0.6
2,0.7,0.31666666666666665,0.5957142857142858
3,0.8,0.305,0.585
