,ratio,protected,else
0,0.1,0.30518234165067176,0.5490605427974948
1,0.2,0.30518234165067176,0.5490605427974948
2,0.3,0.30518234165067176,0.5490605427974948
3,0.4,0.30518234165067176,0.5490605427974948
4,0.5,0.30518234165067176,0.5490605427974948
