,ratio,protected,else
0,0.1,0.2413793103448276,0.676056338028169
1,0.2,0.2413793103448276,0.676056338028169
2,0.3,0.2413793103448276,0.676056338028169
3,0.4,0.2413793103448276,0.676056338028169
4,0.5,0.2413793103448276,0.676056338028169
