,fis_dp,fis_eqop,feature
0,0.9895331447940562,0.9840162999476312,1.0
1,0.992331813401909,0.9881448613935764,8.0
2,0.9902582435121008,0.986076153570605,1.0
3,0.9902424690203041,0.9852933461378833,6.0
4,0.9933943631437898,0.9870178029854553,2.0
5,0.9914049170166243,0.9883743166676247,6.0
6,0.9893401444799342,0.9854146707309073,1.0
7,0.9892426308792556,0.9842020869860222,7.0
8,0.9894429844729834,0.9854673508279267,7.0
9,0.9932068821346627,0.9906562549000678,8.0
