,fis_dp,fis_eqop,feature
0,0.8998486256780942,0.9085520498453824,0.0
1,0.9054248931162031,0.936678007480942,1.0
2,0.9029954011890315,0.9674387876371989,0.0
3,0.9134119359244363,0.934467485880424,2.0
4,0.8847490147659,0.9083237305483527,1.0
5,0.8938444468648293,0.8856189681877755,0.0
6,0.8966561159010791,0.9014192554044733,1.0
7,0.9045218248386716,0.9057517864698,2.0
8,0.9166291562471109,0.8982093934898355,0.0
9,0.8955824977634101,0.9283224379977697,0.0
