,fis_dp,fis_eqop,feature
0,0.8797750149235297,0.8995814798871191,1.0
1,0.9057117904655686,0.9405158143284575,0.0
2,0.9264471977264407,0.9986463757368628,1.0
3,0.999928996331498,0.9931254148923051,6.0
4,0.8729624850551922,0.9323346847300564,2.0
5,0.9978983513774348,0.9899529765223751,8.0
6,0.8871634733703699,0.9157379638048395,1.0
7,0.924110130602815,0.9949536697412567,2.0
8,0.9937004662004661,0.9895315116000957,7.0
9,0.9925511588579237,0.9882036828332537,7.0
