,fis_dp,fis_eqop,feature
0,0.8299454169019387,0.9960171568627452,0.0
1,0.8799644715137673,0.8424748277689454,0.0
2,0.9975716367168529,0.9995782726045884,6.0
3,0.9222884645314275,0.8862823077798924,0.0
4,0.9925339366515837,0.9938461538461538,7.0
5,0.8421795595708639,0.8566666666666667,1.0
6,0.8549076745802741,0.9110062674899975,1.0
7,0.8464144551101073,0.8954703832752613,2.0
8,0.9882244621050591,0.9888651574126638,6.0
9,0.9981398809523809,0.9900793650793651,6.0
