,fis_dp,fis_eqop,feature
0,0.8374453288092358,0.908675799086758,0.0
1,0.878781855469568,0.8460960960960962,0.0
2,0.9922292374939291,0.9918926103136629,6.0
3,0.9106643861168008,0.8995099945554951,0.0
4,0.9857227373708104,0.9774220032840722,6.0
5,0.8049052396878484,0.9079777644230769,2.0
6,0.8770053475935828,0.8928571428571428,1.0
7,0.9967845782614455,0.9960539096648858,7.0
8,0.9842992828067455,0.9918588873812755,6.0
9,0.989010989010989,0.9920492943748758,3.0
