,fis_dp,fis_eqop,feature
0,0.9082334959151813,0.903319660380229,1.0
1,0.904248931162031,0.9347187094869138,1.0
2,0.8897346756082213,0.9302077957578577,0.0
3,0.9026287280553308,0.9291765757170627,1.0
4,0.8839969891184152,0.9087508747596774,1.0
5,0.887257358695929,0.8843888336766177,0.0
6,0.8928161012024438,0.9111698883332638,1.0
7,0.8986532058664475,0.9119501680883658,2.0
8,0.8770482501210832,0.8841096752845915,2.0
9,0.8891079846844361,0.9218264425181559,0.0
