,fis_dp,fis_eqop,feature
0,0.9773161469186614,0.9664469311489896,0.0
1,0.9775328913093049,0.9729821351478946,0.0
2,0.9808561625490637,0.9609991222488113,6.0
3,0.9784171343431516,0.9627272492788245,0.0
4,0.982274654708465,0.9645731183724244,7.0
5,0.9782703311700912,0.949740293953572,1.0
6,0.9827984949396685,0.9721890483162323,1.0
7,0.9771191377385335,0.9602169534412185,2.0
8,0.9805241791214532,0.9634959540507987,6.0
9,0.9768559855016207,0.9567723091058222,6.0
