,fis_dp,fis_eqop,feature
0,0.9014464054926483,0.88619238420539,1.0
1,0.9286519438454088,0.9543845098727233,0.0
2,0.9283801852256506,0.9923553062178588,1.0
3,0.9994376969870125,0.9922181403518221,6.0
4,0.9296757050788773,0.9202661701862103,2.0
5,0.9013474276199155,0.8993384657743139,1.0
6,0.8947903485718612,0.9031202312894137,0.0
7,0.9916196642916415,0.9963163580236998,7.0
8,0.9922090012301312,0.9966716643114446,8.0
9,0.9873345685873192,0.9830954040950435,7.0
