,fis_dp,fis_eqop,feature
0,0.9117599450630304,0.8866126930104293,1.0
1,0.9915648217868988,0.9860403239605315,8.0
2,0.9407664888082007,0.9749875930521091,1.0
3,0.9999911633959013,0.991513960534135,6.0
4,0.9188765572881185,0.9572066879957147,2.0
5,0.999293011375992,0.9952716413657273,6.0
6,0.9025971232867784,0.9218814522760488,1.0
7,0.9898973706904465,0.9913903450968088,7.0
8,0.9882947763034579,0.9981425889665645,7.0
9,0.9988143101906524,0.9990906748529488,8.0
