,fis_dp,fis_eqop,feature
0,0.9771737723492744,0.9649371720761661,6.0
1,0.8896225025413952,0.8781638781638782,0.0
2,0.990529383195726,0.9878147990945104,6.0
3,0.8909926781624735,0.9989528258302962,0.0
4,0.9911320101134189,0.9871550140422747,9.0
5,0.8823891238344966,0.9905344757241942,1.0
6,0.7796791443850267,0.812,0.0
7,0.9341009941343578,0.968367373022162,1.0
8,0.9999005247988988,0.9988981208493404,7.0
9,0.9983823529411765,0.9946078431372549,3.0
