,fis_dp,fis_eqop,feature
0,0.9934725347964068,0.9899605128128092,6.0
1,0.9923537356387712,0.9885668567629566,1.0
2,0.993208789730202,0.9900828966180335,6.0
3,0.9938241936612525,0.9910991404893191,6.0
4,0.9914756785020034,0.9877975303211602,1.0
5,0.9926778776978682,0.9892943643023916,2.0
6,0.9932895525370858,0.9900322011869156,1.0
7,0.9918401065379198,0.9884795685688662,0.0
8,0.9934530212173592,0.989818772249339,0.0
9,0.9937931201483343,0.9902362189888306,0.0
