,fis_dp,fis_eqop,feature
0,0.9917796203131382,0.9876453886729173,0.0
1,0.993885858703196,0.9867628431888283,1.0
2,0.993931568055419,0.9896259246957448,0.0
3,0.9915831128771603,0.9885609194552933,2.0
4,0.9914244740158595,0.9879674406891127,1.0
5,0.9929858170648292,0.9869903169933609,0.0
6,0.9915934946556753,0.9890542186964921,1.0
7,0.992235915310902,0.989230057021087,2.0
8,0.9939132205579068,0.9891426486629179,0.0
9,0.9931199187995463,0.9890101204976242,0.0
