,fis_dp,fis_eqop,feature
0,0.9933532537944019,0.988893035056906,1.0
1,0.9938390259626059,0.986598121209891,1.0
2,0.9923389259616093,0.9885126835629882,0.0
3,0.9927964845258149,0.9878778267722705,1.0
4,0.9914053259127183,0.9883025511115572,1.0
5,0.9930163905766031,0.9862557914641696,0.0
6,0.9932623018293684,0.9867344553926723,1.0
7,0.9924837356334661,0.9884890836342448,2.0
8,0.9922987112183297,0.9864742333304445,2.0
9,0.993127076448266,0.9887378897645046,0.0
