,fis_dp,fis_eqop,feature
0,0.9819715138015341,0.9706894693234784,6.0
1,0.9778785535296851,0.9738685037178488,0.0
2,0.9823830443256009,0.9668464187209118,6.0
3,0.9832375315325776,0.9692754563333652,0.0
4,0.9813199448219184,0.977386024069747,9.0
5,0.9769355980913074,0.9526661326309137,1.0
6,0.9765637329920822,0.9694107928049486,0.0
7,0.9751029336888929,0.961438340959504,1.0
8,0.9830145049881387,0.9713982130273677,7.0
9,0.9827711736454521,0.9712982815975567,3.0
