,fis_dp,fis_eqop,feature
0,0.9976747112821402,0.984063499725058,6.0
1,0.9231585499689033,0.9416736227614851,1.0
2,0.9976023752789547,0.9886570828207508,6.0
3,0.9996487370862221,0.999223265263748,6.0
4,0.9031186575021708,0.912651938245102,1.0
5,0.9254465553232888,0.9226185161042881,2.0
6,0.9132958684711228,0.9057768187096222,1.0
7,0.8952708254787661,0.9061133614919448,0.0
8,0.933506280922407,0.9195859397327136,0.0
9,0.9221797706499604,0.9569940414041588,0.0
