,fis_dp,fis_eqop,feature
0,0.9903546503659743,0.9816871891403887,1.0
1,0.9902104694428657,0.9848991154493518,0.0
2,0.9904066814534169,0.9864576820764465,1.0
3,0.988887892724181,0.9826989543874828,6.0
4,0.9899384438073515,0.9801934633309489,2.0
5,0.9895388057780411,0.9871679992459138,8.0
6,0.9892627270071802,0.9856129227997005,1.0
7,0.9921918464348555,0.9864759138280925,2.0
8,0.988699148384437,0.9822911370842717,7.0
9,0.9893299327340215,0.9835567976761395,7.0
