,fis_dp,fis_eqop,feature
0,0.9908232548908722,0.9863101120378179,1.0
1,0.9907569845035105,0.9811921445809462,0.0
2,0.9902623408998553,0.9845894855739958,1.0
3,0.9910720003708312,0.983387503121212,6.0
4,0.9928465645996526,0.988063429153869,2.0
5,0.9900551225516735,0.9859126742745151,1.0
6,0.989875995681942,0.9856085011140281,0.0
7,0.9887642814883383,0.9835715200841542,7.0
8,0.990167720605572,0.9858460264589265,8.0
9,0.9893006580879397,0.9844122876823144,7.0
