,fis_dp,fis_eqop,feature
0,0.9992555825375962,0.9999566871831771,10.0
1,0.9996917207630386,0.9971079008868895,10.0
2,0.9955320718006653,0.9980733577682749,10.0
3,0.9979114470621739,0.999978742019219,10.0
4,0.9908805503703175,0.9781389006740119,10.0
5,0.9970195759669443,0.9933719265483971,10.0
6,0.9989907820767195,0.9986648491439423,10.0
7,0.9996556757491399,0.9993963139242958,10.0
8,0.9922839219681685,0.9998096819737803,10.0
9,0.9910584874442872,0.9991035589764278,10.0
