,fis_dp,fis_eqop,feature
0,0.9990166686924499,0.9951134399004706,7.0
1,0.9981894435351882,0.9976685830920133,8.0
2,0.9956546444620552,0.994563962306801,8.0
3,0.9977195018360803,0.9927886301262133,6.0
4,0.9989809500898372,0.9998330284293507,8.0
5,0.9999926053000823,0.9998816886861609,6.0
6,0.9960142965312782,0.9990931863126985,6.0
7,0.9986394680273001,0.9934000896317913,6.0
8,0.9970647114910486,0.9980880231496034,8.0
9,0.9991308684072594,0.9996744314727964,6.0
