,fis_dp,fis_eqop,feature
0,0.9964348559936795,0.9974048908635598,10.0
1,0.9975118602483288,0.9976598359364333,10.0
2,0.9998928986153877,0.9995799213904982,10.0
3,1.0,1.0,10.0
4,0.9916662948671052,0.9954397572122579,10.0
5,0.9822739760696905,0.9660956213738934,10.0
6,0.7397966258324395,0.7480865098406311,2.0
7,0.8347065683925774,0.8211494952347487,2.0
8,0.9996389926316487,0.9997065398634394,10.0
9,0.9798099002304811,0.9651688993421277,10.0
