,fis_dp,fis_eqop,feature
0,0.9930939905602068,0.9921507784958872,6.0
1,0.9921957716298555,0.9952351621445215,8.0
2,0.9980852706669198,0.9960592678608713,6.0
3,0.999497611894949,0.9961614157757539,6.0
4,0.9848226398372713,0.9656745480031683,8.0
5,0.998882455062272,0.9939959488105923,6.0
6,0.9956029329123196,0.9875087772143186,7.0
7,0.9943445117037518,0.9917002986712726,8.0
8,0.9976238742566894,0.9874148129004099,7.0
9,0.9902922581637165,0.9977588862447927,6.0
