,fis_dp,fis_eqop,feature
0,0.9994704287678496,0.9992550641311326,10.0
1,0.9912132875070996,0.9996452951325475,10.0
2,0.9956684815486994,0.9949855892255892,10.0
3,0.9996957539518103,0.9994185964615732,10.0
4,0.9986722985752112,0.998860353687732,10.0
5,0.9993611520062563,0.9980092063419792,10.0
6,0.9942084078133161,0.9933075389083973,10.0
7,0.9984266592777722,0.9931128611348468,10.0
8,0.9945711363234659,0.9973357080910541,10.0
9,0.9991394515401826,0.999146682516013,10.0
