,fis_dp,fis_eqop,feature
0,0.9992465958991367,0.9986804563694731,10.0
1,0.9992108711927363,0.9998997918503564,10.0
2,0.9985662107605906,0.9977821891825643,10.0
3,0.9992617903077048,0.9987681858748497,10.0
4,0.9906074340971375,0.9901908647283907,10.0
5,0.9993806654561971,0.9981248309866874,10.0
6,0.9993567549146387,0.9997346167616984,10.0
7,0.9923117051006625,0.9807683960175425,10.0
8,0.9994966233867836,0.9999765595179148,10.0
9,0.9996075325361634,0.9998876689108906,10.0
