,fis_dp,fis_eqop,feature
0,0.9839777327978368,0.9583318447927945,10.0
1,0.9969318642209044,0.9860768587420385,10.0
2,0.9980257875256846,0.9990214821925195,10.0
3,0.9966615040440544,0.963505308251071,10.0
4,0.9856341213658312,0.9595157287700076,10.0
5,0.9995584520978918,0.9987868654081994,10.0
6,0.9763581036066046,0.9994741418359219,10.0
7,0.9999113981026472,0.9981406838585756,10.0
8,0.990160921576736,0.9690151396520799,10.0
9,0.9994426978016934,0.9980040720749629,10.0
