,fis_dp,fis_eqop,feature
0,0.9996657633424899,0.9999022329479431,10.0
1,0.9994129107909271,0.9981759982187834,10.0
2,0.9966244637016378,0.9906504915904436,10.0
3,0.9858237858505267,0.9833223498404376,10.0
4,0.9985224352681085,0.9982692989840596,10.0
5,0.9995129493933841,0.998647374752164,10.0
6,0.9995356727746852,0.9960041562467354,10.0
7,0.9987088934457355,0.9942023326043945,10.0
8,0.9955861619635571,0.995706578262294,10.0
9,0.9994256979155335,0.998663906133629,10.0
