,fis_dp,fis_eqop,feature
0,0.9940473076109957,0.9935688897298084,10.0
1,0.9953895931420107,0.9944650279386069,10.0
2,0.9946067739621398,0.9943879146419561,10.0
3,0.9941555905784334,0.9925242353849235,10.0
4,0.9923733347216229,0.9921353093668093,2.0
5,0.9933165440067577,0.9931160144598925,10.0
6,0.9927213315028264,0.9931221502021518,2.0
7,0.9926997835205994,0.992393459290152,10.0
8,0.9940331926035051,0.9928999456955665,10.0
9,0.9946451819665747,0.9931713364325335,10.0
