,fis_dp,fis_eqop,feature
0,0.9940871298443098,0.991583873591781,10.0
1,0.9932622211268292,0.9904560504869019,10.0
2,0.9951018825020216,0.9931523803458142,10.0
3,0.9950579683202386,0.9936452879769208,2.0
4,0.9929258002048738,0.9913605948382,10.0
5,0.9940184536356821,0.9937789475085996,10.0
6,0.9949369719168475,0.9933450953099634,10.0
7,0.9926277628591993,0.9890209794427592,10.0
8,0.9957427789804666,0.9932828122739794,10.0
9,0.9950642098809815,0.9930031367708486,10.0
