,fis_dp,fis_eqop,feature
0,0.9997166471263672,0.9958451878529264,8.0
1,0.9939300774526678,0.9878018790890197,7.0
2,0.9974204515280757,0.9897388713891534,6.0
3,0.9981601666644224,0.9985922199074534,6.0
4,0.9960271585812431,0.9912644024477133,8.0
5,0.9970049683469386,0.9991222099803442,8.0
6,0.9984695314414154,0.9964322281066691,7.0
7,0.9969441455347691,0.9940159678408477,6.0
8,0.9956357086401929,0.9922185660713304,8.0
9,0.9889150803166257,0.9800671244507102,7.0
