,fis_dp,fis_eqop,feature
0,0.9740247034364682,0.9795283274600163,14.0
1,0.9941794129805704,1.0,13.0
2,1.0,1.0,9.0
3,0.9780650215432825,0.9759057971014493,8.0
4,0.9971492400257665,0.889023569023569,14.0
5,0.9857436730537513,0.985567940210038,10.0
6,0.9970404194148487,0.9817351598173516,10.0
7,0.9475179964558563,0.967391304347826,1.0
8,0.9918843761804543,0.9370424333998885,12.0
9,0.974910394265233,1.0,10.0
