,fis_dp,fis_eqop,feature
0,0.9912229938271605,0.9761208576998051,11.0
1,0.9895505260894304,0.985753052917232,11.0
2,1.0,1.0,8.0
3,0.9793496933607484,0.9532163742690059,9.0
4,0.9749974810683892,0.9643065268065268,7.0
5,0.978544235378903,0.9787257334695665,13.0
6,0.9911408289786668,0.9956595250712897,14.0
7,0.9785318559556787,1.0,10.0
8,0.9998435544430538,1.0,14.0
9,0.9953231292517006,0.9368212197159566,15.0
