,fis_dp,fis_eqop,feature
0,0.9966996652670209,0.9914880201765448,8.0
1,0.9970828545114014,0.9987328264639189,8.0
2,0.9939278955540616,0.993884830983523,6.0
3,0.998347363876747,0.9924045138888888,8.0
4,0.858024590044351,0.9230830773169483,1.0
5,0.9962414559646098,0.9907959326788218,6.0
6,0.9310754604872252,0.8831944444444444,0.0
7,0.9976708074534162,0.9945671695402298,8.0
8,0.9947156668468143,0.985488408187021,6.0
9,0.9946428571428572,0.9739382239382239,8.0
