,fis_dp,fis_eqop,feature
0,0.982926866237211,0.9692869442799138,10.0
1,0.9780916090509114,0.9791462858878931,10.0
2,0.9991311756065858,0.9986694091334105,10.0
3,0.9891510430698849,0.9955475841974698,10.0
4,0.998464673583861,0.9997414616618319,10.0
5,0.9973496091477411,0.9994911003921426,10.0
6,0.9892881968069361,0.9818728150199738,10.0
7,0.9986344788324987,0.9990362467737158,10.0
8,0.9942477115785404,0.9991420555637778,10.0
9,0.9863634926095014,0.9831961031286932,10.0
