,fis_dp,fis_eqop,feature
0,0.964563605450209,0.9812658905392747,11.0
1,0.9727272727272728,0.9578877005347594,1.0
2,0.9871527777777778,0.9996508907004831,10.0
3,0.9997053300988172,0.9982101232101233,10.0
4,0.9848665870171246,0.9583059030063639,4.0
5,1.0,1.0,10.0
6,0.9769491354558674,0.9627702978376174,10.0
7,1.0,1.0,2.0
8,1.0,1.0,10.0
9,1.0,1.0,14.0
