,fis_dp,fis_eqop,feature
0,1.0,1.0,10.0
1,0.8867990247300592,0.7501249375312344,2.0
2,0.8433641975308642,0.704535412605588,1.0
3,1.0,1.0,10.0
4,0.9662411005694588,0.946712717404712,11.0
5,0.9690358902181562,0.9467980295566503,12.0
6,0.9774867724867725,0.9675809523809524,10.0
7,1.0,1.0,10.0
8,0.9502923976608187,0.8568421052631578,1.0
9,0.7380952380952381,0.6742610837438424,5.0
