,fis_dp,fis_eqop,feature
0,0.9860747993449416,0.9743993204195736,10.0
1,0.998295120090113,0.9817715617715618,10.0
2,0.99994793307184,0.9995274589373203,10.0
3,0.986153241208853,0.9921863365234636,10.0
4,0.9972028534342917,0.9983765157046643,10.0
5,0.9974818209145813,0.9988455095603882,10.0
6,0.9926047265663068,0.9878467984218592,10.0
7,0.9950711551963474,0.9958676149881047,10.0
8,0.9991302999398027,0.997026452817049,10.0
9,0.9940253249924003,0.9932318459399391,10.0
