,fis_dp,fis_eqop,feature
0,0.9991132786942819,0.9971609913142491,10.0
1,0.998734711344236,0.9970558925350952,10.0
2,0.9974982469892412,0.9851664988137085,10.0
3,0.9941697566647233,0.9891049732044781,10.0
4,0.9998012221610405,0.9906814506660605,10.0
5,0.9996533972236664,0.9988890585962514,10.0
6,0.993089272424425,0.988778736461003,10.0
7,0.9992242989948336,0.9948022854841552,10.0
8,0.9854082082965578,0.995703862979875,10.0
9,0.9979331340870596,0.9739717925907708,10.0
