,fis_dp,fis_eqop,feature
0,0.9964747003961344,0.9964590577314456,10.0
1,0.996094765777376,0.9950338238890878,10.0
2,0.9956304208794825,0.9950739859882296,10.0
3,0.9956271144718017,0.9950245329690606,10.0
4,0.995261493453863,0.9948517875027842,10.0
5,0.996273111487874,0.995542671382134,10.0
6,0.9959399112426908,0.9950457969632085,10.0
7,0.9950060727496467,0.9947886412182868,10.0
8,0.9966138837344445,0.9955542561424283,10.0
9,0.9951903813990312,0.9946031267970832,10.0
