,fis_dp,fis_eqop,feature
0,0.9835384039334034,0.9904261466271772,10.0
1,0.9995291623040097,0.9990823565874637,10.0
2,0.9844817792557178,0.9955195634031332,10.0
3,0.9999428623228164,0.9994350502923977,10.0
4,0.9823215705358355,0.9928029196380036,10.0
5,0.9997538391187959,0.9995876263492247,10.0
6,0.9992335948091143,0.9993621863597756,10.0
7,0.9988483535764955,0.9974232341121115,10.0
8,0.9964568587639234,0.9925904761904761,10.0
9,0.9983363267577222,0.9994578736576176,10.0
