,fis_dp,fis_eqop,feature
0,0.9844316500520864,0.9789977004815174,5.0
1,0.9927736645313989,0.9915505548301213,6.0
2,0.9845913606886373,0.9818273687585782,0.0
3,0.9915777109579332,0.9911536761583215,1.0
4,0.9824522967107971,0.9758153259550479,11.0
5,0.9889214594952898,0.9846430079429598,7.0
6,0.9885554552999457,0.9870414871636448,12.0
7,0.9820287577346518,0.9767644019948406,10.0
8,0.9902361109606415,0.9898367152004829,1.0
9,0.9811179185874339,0.9793981014661193,10.0
