,fis_dp,fis_eqop,feature
0,0.9990951890297971,0.992832394223546,7.0
1,0.9983404255319149,0.9927997375451596,8.0
2,0.9962592156673344,0.9894229929096745,8.0
3,0.9972379929415375,0.9958038095429304,6.0
4,0.9990265948967078,0.9999182313571616,8.0
5,0.9985745905156103,0.9932425235730076,8.0
6,0.9964020459637556,0.9998929365875124,6.0
7,0.998817009974287,0.9892028260458113,6.0
8,0.9949483885676143,0.9922825230832032,6.0
9,0.9991991573181176,0.9955197549054575,6.0
