,fis_dp,fis_eqop,feature
0,0.994944404572783,0.98688774519176,6.0
1,0.9958217782798962,0.9860195893092604,8.0
2,0.995305331052842,0.9916655479813145,6.0
3,0.9995600237611902,0.9961620609683576,6.0
4,0.9920746587647159,0.9844061873177214,8.0
5,0.998342169596875,0.9991362054828703,8.0
6,0.9948688607962801,0.9906694773317252,7.0
7,0.9949844345619608,0.9919493593428792,8.0
8,0.9925014449152381,0.9919376437810454,7.0
9,0.9929138611230376,0.9966267388520239,6.0
