,fis_dp,fis_eqop,feature
0,0.9975299740981067,0.9920423522021695,10.0
1,0.9448289621741075,0.95820775567611,10.0
2,0.9953287197231834,0.9981848739495799,9.0
3,0.960093896713615,1.0,8.0
4,1.0,1.0,10.0
5,0.9980721414819044,0.9967872355786586,10.0
6,0.991916746994931,0.9968755632998858,3.0
7,0.9904761904761905,0.9929418407679277,15.0
8,0.994395324362777,0.9941158889677588,10.0
9,0.9715061058344641,0.9866985024948071,14.0
