,fis_dp,fis_eqop,feature
0,0.9962254223581093,0.9952845532996933,10.0
1,0.9955898887308036,0.994307917989585,10.0
2,0.994144955456603,0.9926629598270925,11.0
3,0.9954001727456352,0.9949226271925778,10.0
4,0.9972309876288843,0.9958816346630083,10.0
5,0.9959596012312316,0.9955099925186365,10.0
6,0.9965721081596887,0.9956937314121492,10.0
7,0.99551463724381,0.995242903644177,10.0
8,0.9952764213515141,0.9937614229210253,10.0
9,0.9958751611002846,0.9952730319033876,10.0
