,fis_dp,fis_eqop,feature
0,0.9964880077906791,0.9914713995025852,2.0
1,0.9959224410789854,0.9905041455971023,2.0
2,0.9965977241306458,0.9919094254603766,5.0
3,0.996689601926239,0.9923217062196684,2.0
4,0.9970896675791368,0.9938730929463284,11.0
5,0.9964914704211789,0.9922190618380866,2.0
6,0.9959994130102866,0.9910174223563536,3.0
7,0.9964690736951282,0.9922209684865593,2.0
8,0.9971505282902369,0.9930769979859712,10.0
9,0.9965351174473785,0.9929453004686667,2.0
