,fis_dp,fis_eqop,feature
0,0.9961217476681394,1.0,11.0
1,0.7752808988764044,0.8990566604578502,4.0
2,0.9677653550166981,1.0,11.0
3,0.991468253968254,0.9508507730015082,11.0
4,0.9578503688092729,0.964012595591543,3.0
5,0.8591027067111605,0.9444078706751518,3.0
6,0.9861864577054451,0.9666480516257135,10.0
7,0.986033231783596,0.996708152958153,15.0
8,0.8390532544378698,0.8007326007326008,2.0
9,1.0,1.0,10.0
