,fis_dp,fis_eqop,feature
0,0.9847761781332238,0.9723534871146612,10.0
1,0.9828582875332179,0.9660005052807317,14.0
2,0.9927242239848713,0.9897256978413196,5.0
3,0.984463736007914,0.9754354150492688,10.0
4,0.9815772195114856,0.97245024472053,8.0
5,0.9850021570159528,0.9664168136314647,11.0
6,0.9815297252656348,0.9740883099727032,10.0
7,0.9935900285383862,0.9782982184237997,7.0
8,0.9867180114429172,0.9556681226307869,3.0
9,0.9858686175511917,0.9745492563515825,10.0
