,fis_dp,fis_eqop,feature
0,0.9996087819735603,0.9939223936418887,8.0
1,0.9990458198326095,0.9975744975744976,8.0
2,0.9897728546344379,0.9581043956043956,8.0
3,0.993930299933069,0.9790789641535911,7.0
4,0.90703125,0.8782954545454545,1.0
5,0.9966590719685421,0.9924632014393585,6.0
6,0.9334521687462864,0.8768518518518519,0.0
7,0.9972473178994918,0.9856022509578544,8.0
8,0.9951560279429131,0.9942202606137033,6.0
9,0.9940972222222222,0.9967803030303031,8.0
