,fis_dp,fis_eqop,feature
0,0.8251700669156679,0.8092482135475108,3.0
1,0.9973160195291532,0.994429117147708,8.0
2,0.8749091940554986,0.9847198641765704,2.0
3,0.9294960287675198,0.9724444444444444,0.0
4,0.9849033816425121,0.9829679177505265,6.0
5,0.9989238383100275,0.9963697478991597,6.0
6,0.993027157387019,0.9997308727412534,8.0
7,0.9960297854319593,0.990234375,8.0
8,0.996722997499395,0.9989819962646049,7.0
9,0.9965697346132129,0.9939017504234896,6.0
