,fis_dp,fis_eqop,feature
0,0.9951426632169875,0.990870926073132,6.0
1,0.9934215539529635,0.9828815257085749,8.0
2,0.9953222654218922,0.9998288809144072,6.0
3,0.9999119002457528,0.9974417093875565,6.0
4,0.994836403737896,0.989144875522513,8.0
5,0.9982268937715949,0.9990638005051548,8.0
6,0.995061425061425,0.9863522021456804,6.0
7,0.9947182714779239,0.9970734309873283,7.0
8,0.9932406789093257,0.99510112740356,7.0
9,0.9954141701752431,0.9990600693697838,7.0
