,fis_dp,fis_eqop,feature
0,1.0,1.0,10.0
1,0.999603966669835,0.9996582729135215,10.0
2,0.8159387721869402,0.8215971624808314,5.0
3,0.8929234897481767,0.8827977614654855,2.0
4,0.8402796304753808,0.83583591971989,2.0
5,0.9999146348428949,0.99993977235085,10.0
6,0.9924526949059601,0.9982351321039653,10.0
7,1.0,1.0,10.0
8,0.9856174879978747,0.989822960927743,10.0
9,0.9393437688139675,0.9751111660079052,5.0
