,fis_dp,fis_eqop,feature
0,0.9936757985642001,0.9889562261794274,10.0
1,0.993805246246692,0.989576636197482,10.0
2,0.992198520136397,0.984938863598756,11.0
3,0.9930652529597768,0.9877059311430536,10.0
4,0.9926974211975326,0.9870501703321477,10.0
5,0.9932552193136928,0.9866726121495527,10.0
6,0.9939135372742031,0.9868184123329392,10.0
7,0.9939691571230235,0.9872075600134833,10.0
8,0.9940998811735057,0.988400547650452,10.0
9,0.9928901462784354,0.9868677163110792,10.0
