,fis_dp,fis_eqop,feature
0,0.9877426462760333,0.972425057027945,2.0
1,0.9821634972544154,0.9678489658412378,2.0
2,0.980154238001014,0.966822667389455,11.0
3,0.9828547601405265,0.9699631614008273,11.0
4,0.9828938351338095,0.9657433472808173,10.0
5,0.9857502449782032,0.9745843016912589,10.0
6,0.9818960439602799,0.9699827604550383,10.0
7,0.9850866576307155,0.975805850010551,10.0
8,0.9879402977048412,0.9755662719702393,11.0
9,0.9778714841263166,0.9426161771085677,2.0
