,ratio,dp,eq
0,0.1,0.9874285704171893,0.9769596453598361
1,0.2,0.9855199574985481,0.9693055951556474
2,0.3,0.983031504955548,0.9679398974682941
3,0.4,0.9831003030141564,0.9648766176161938
4,0.5,0.9834097665704035,0.9595027157365444
