,ratio,dp,eq
0,0.1,0.9909701243067164,0.9830775602585884
1,0.2,0.9881218252766163,0.9778245332663289
2,0.3,0.9845843672980975,0.97287593165576
3,0.4,0.9843464712436183,0.9692786882160527
4,0.5,0.9832840549828848,0.9685657299164927
