,ratio,dp,eq
0,0.1,0.9919410180258984,0.9847814764335006
1,0.2,0.9892740666119154,0.9818518789330984
2,0.3,0.9869550794802151,0.9767759678349698
3,0.4,0.9866279993719571,0.9738716296885969
4,0.5,0.9858490015157108,0.9741070315314704
