,ratio,dp,eq
0,0.1,0.9935967998451112,0.9893998829057544
1,0.2,0.991228588628044,0.9848605793417411
2,0.3,0.9895735556036181,0.9822215332241662
3,0.4,0.9902012611344587,0.9825696695981039
4,0.5,0.9890849115720212,0.9822597979235366
