,ratio,dp,eq
0,0.1,0.9929588788124885,0.9894391025006315
1,0.2,0.9910148550374634,0.9866208214194981
2,0.3,0.989757132749881,0.9832864348944801
3,0.4,0.9890010749994932,0.9810168743655356
4,0.5,0.9893568272963958,0.9821879822897422
