,ratio,dp,eq
0,0.1,0.9962261510350457,0.994372791575622
1,0.2,0.9949297167842015,0.9916731870228763
2,0.3,0.9939300791123253,0.9912410549878632
3,0.4,0.9936931791559681,0.9900557950379293
4,0.5,0.9945599143873747,0.9897109617469259
