,ratio,dp,eq
0,0.1,0.9916666666666667,0.9902629346904156
1,0.2,0.989125,0.9834946988973706
2,0.3,0.985,0.9835532230703986
3,0.4,0.9875833333333334,0.9737039864291772
4,0.5,0.9855833333333334,0.9805534351145038
