,ratio,dp,eq
0,0.1,0.9908892144736839,0.985878039879881
1,0.2,0.9866583883402863,0.9793627454520056
2,0.3,0.9850806489209853,0.9763936418776202
3,0.4,0.9830652406084345,0.972330049418474
4,0.5,0.982953077401525,0.973849942632403
