,ratio,dp,eq
0,0.1,0.9923245806696671,0.9860891652984327
1,0.2,0.9897169200216617,0.9831196126803625
2,0.3,0.9872342427793551,0.9786200120530699
3,0.4,0.9874917921705905,0.975138583374774
4,0.5,0.9870944953627763,0.9759835728878453
