,ratio,dp,eq
0,0.1,0.9533333333333334,0.9281868131868132
1,0.2,0.9325,0.9139194139194139
2,0.3,0.9183333333333333,0.8830769230769231
3,0.4,0.91625,0.8773992673992674
4,0.5,0.91875,0.8776556776556776
