,ratio,dp,eq
0,0.1,0.9940638656922907,0.9902982729387797
1,0.2,0.9919712608693467,0.9869150981443922
2,0.3,0.9906889264325296,0.9851727918588601
3,0.4,0.9905171293391432,0.9845423823822179
4,0.5,0.9903535042047664,0.984159585829323
