,ratio,dp,eq
0,0.1,0.9861413968903523,0.9759499694335751
1,0.2,0.9834982641396102,0.969056781096898
2,0.3,0.9806167759059673,0.9662885534856267
3,0.4,0.9819945402859278,0.963703243537335
4,0.5,0.982326126354681,0.9591360722994087
