,ratio,dp,eq
0,0.1,0.9915192734085913,0.984983997739175
1,0.2,0.9883344282138685,0.978454500604223
2,0.3,0.9871346550782459,0.9760238862782644
3,0.4,0.986013340422171,0.9750329998412858
4,0.5,0.9853430255315326,0.9736843293324281
