,ratio,dp,eq
0,0.1,0.9915067374338244,0.9865309198445366
1,0.2,0.9881835398085392,0.9834020610452615
2,0.3,0.9861220458914937,0.9804357964862932
3,0.4,0.9869595918730445,0.9796040454578118
4,0.5,0.9861445758029437,0.981155093045999
