,ratio,dp,eq
0,0.1,0.981,0.9758419790483402
1,0.2,0.9764285714285714,0.966369304556355
2,0.3,0.974,0.956940300391266
3,0.4,0.9711428571428572,0.9579601161176322
4,0.5,0.9732857142857143,0.9579798056291808
