,ratio,dp,eq
0,0.1,0.9957454026531692,0.9939303823957333
1,0.2,0.9945673372884497,0.9911262709837729
2,0.3,0.9930468481297717,0.9893345259939932
3,0.4,0.9922660244071451,0.9894147863863546
4,0.5,0.9923572314258807,0.9896071782851518
