,ratio,dp,eq
0,0.1,0.9880052578541355,0.9819376257012027
1,0.2,0.9863057197965199,0.9759371540388697
2,0.3,0.9844859857366219,0.9725330106009032
3,0.4,0.9817711288405745,0.9703028916779072
4,0.5,0.9811810466252006,0.9675959801000572
