,ratio,dp,eq
0,0.1,0.9961089217629151,0.9934842619692781
1,0.2,0.9947254586987415,0.9911891698626475
2,0.3,0.9939554266861321,0.9901459676209587
3,0.4,0.9935400220817383,0.9896601852623186
4,0.5,0.9932915661701167,0.9892926729198062
