,ratio,dp,eq
0,0.1,0.9935772955352422,0.9875614014418219
1,0.2,0.9908185789399218,0.9839276268014181
2,0.3,0.9891091145539871,0.9830100191230651
3,0.4,0.9881908903837274,0.9793487428200995
4,0.5,0.9871189188499558,0.9786795313947527
