,ratio,dp,eq
0,0.1,0.9944820245546143,0.9898783500145777
1,0.2,0.9913641173126707,0.9860616087425018
2,0.3,0.9908507275052711,0.9833626421879331
3,0.4,0.9911839518213971,0.9834730335027708
4,0.5,0.9909124705990869,0.984458733436192
