,ratio,dp,eq
0,0.1,0.9452380952380952,0.9219999999999999
1,0.2,0.9242857142857143,0.9113333333333333
2,0.3,0.9085714285714286,0.8836068376068377
3,0.4,0.9133333333333333,0.8723760683760684
4,0.5,0.91,0.8760854700854701
