,ratio,dp,eq
0,0.1,0.9916678154030865,0.9858801298671725
1,0.2,0.987914015188159,0.9798682489233592
2,0.3,0.9864811783394569,0.9788312200347863
3,0.4,0.9855787048379356,0.9749292909679084
4,0.5,0.9843452668879453,0.9755909604022647
