,ratio,dp,eq
0,0.1,0.99616,0.9968104989436047
1,0.2,0.9958,0.9959596944579879
2,0.3,0.99868,0.9974853729887859
3,0.4,0.9988,0.9988720949130505
4,0.5,0.99996,0.9997631236795059
