,ratio,dp,eq
0,0.1,0.93875,0.9173076923076923
1,0.2,0.920625,0.9011752136752137
2,0.3,0.905625,0.8767094017094017
3,0.4,0.910625,0.8563461538461539
4,0.5,0.90875,0.8471581196581196
