,ratio,dp,eq
0,0.1,0.9963766642151285,0.9944595451145348
1,0.2,0.9948341669363462,0.991369330388123
2,0.3,0.9941127372535843,0.9899011269505127
3,0.4,0.9942527627488675,0.9906425749756563
4,0.5,0.9938691304288347,0.9897692178806216
