,ratio,dp,eq
0,0.1,0.9794375,0.9688300406333193
1,0.2,0.97075,0.9567146560179347
2,0.3,0.9652499999999999,0.9467650973798515
3,0.4,0.9659375,0.9506539862687403
4,0.5,0.9658125,0.9457643267479333
