,ratio,dp,eq
0,0.1,0.9950779087827807,0.9917254818651519
1,0.2,0.9919911078519253,0.988165042693002
2,0.3,0.9915454367950443,0.9859515393070498
3,0.4,0.99154021852901,0.9866876464854664
4,0.5,0.9921408497747941,0.9865668554996603
