,ratio,dp,eq
0,0.1,0.9963873175495362,0.994525559157851
1,0.2,0.9952857674305909,0.9913618155593678
2,0.3,0.994137493387483,0.9904965264854135
3,0.4,0.9939466261927825,0.9907443043558567
4,0.5,0.9944497663725705,0.9908265092720699
