,ratio,dp,eq
0,0.1,0.9863999999999999,0.979516129032258
1,0.2,0.978,0.9586491935483871
2,0.3,0.9624,0.9552822580645162
3,0.4,0.9736,0.957983870967742
4,0.5,0.9732,0.949133064516129
