,ratio,dp,eq
0,0.1,0.9827681715417228,0.9729845295667093
1,0.2,0.9788504663265128,0.9629237975914064
2,0.3,0.97605568227248,0.9629623819871245
3,0.4,0.9746152862034306,0.9575598258054369
4,0.5,0.9767904283233275,0.9527062991172572
