,ratio,dp,eq
0,0.1,0.9943711125720418,0.9913575824089373
1,0.2,0.9918357703869439,0.9876981568470066
2,0.3,0.9912833198567128,0.985863965776802
3,0.4,0.9915098155995942,0.9847675296813035
4,0.5,0.9916638764560486,0.9846987665140385
