,fis_dp,fis_eqop,dp_std,eq_std,accuracy,accuracy_var
0,0.18802573489642682,0.21293460495497873,2.312661334681928e-07,2.312661334681928e-07,0.03811965537644964,9.989839740140904e-28
1,0.01693328578454003,0.01441153449942265,1.9018828773393175e-05,1.9018828773393175e-05,0.021513398477589096,4.79046128898242e-06
2,-0.06854029548402894,0.06561068944090861,1.95532983618461e-06,1.95532983618461e-06,0.058411225777069295,4.094692209112106e-06
3,-0.04273328437075636,-0.10650291850585428,1.6411429827934102e-05,1.6411429827934102e-05,0.2172057909682174,2.042843768033591e-07
4,-0.17760548905659176,-0.089719102777063,2.0446452013148008e-05,2.0446452013148008e-05,0.05662283139285422,5.297045620885635e-05
5,0.003535619168900483,0.04326891460231056,5.015777669334191e-05,5.015777669334191e-05,0.07293803371198031,5.296792030027926e-05
6,-0.3550050617941847,-0.3359274401051867,2.1887742967756717e-05,2.1887742967756717e-05,0.5198218244518386,5.916014910745439e-12
7,0.07437473143633234,0.06695935627557013,2.547670643516399e-05,2.547670643516399e-05,0.006910479065988305,4.639817509767586e-08
8,0.0732464980082387,0.06466543883870532,2.4085551442237733e-05,2.4085551442237733e-05,0.008456760778013231,4.6398175104749384e-08
