,fis_dp,fis_eqop,dp_std,eq_std,accuracy,accuracy_var
0,-0.028326338287442774,-0.05004542190143213,1.2037062152420224e-35,1.2037062152420224e-35,0.02589811179053799,3.442238663727611e-32
1,0.0,0.0,0.0,0.0,0.0,0.0
2,-0.1556895931670526,-0.1238684064274451,0.0,0.0,0.0974790697513077,1.6547590082175131e-31
3,-0.10755632001231927,-0.13663906213841065,0.0,0.0,0.16819792110767356,2.9713247182006274e-31
4,-0.22889236102336355,-0.18513652975308584,7.703719777548943e-34,7.703719777548943e-34,0.2283602193782795,4.479713050644711e-31
5,0.0,0.0,0.0,0.0,0.0,0.0
6,-0.45679214281199143,-0.48327034795972373,3.0814879110195774e-33,3.0814879110195774e-33,0.473787118819421,3.734763348155728e-31
7,-0.015162163131886851,-0.014026821213268386,6.322007748043597e-06,6.322007748043597e-06,0.0035120047536998864,9.405535956338565e-07
8,-0.007581081565943426,-0.007013410606634193,6.322007748043594e-06,6.322007748043594e-06,0.002765554399080393,9.405535956340457e-07
