,fis_dp,fis_eqop,dp_std,eq_std,accuracy,accuracy_var
0,-0.310975364,-0.310975364,0,0,0.439986253,0
1,-0.100432861,-0.100432861,0,0,0.090304851,0
2,-0.028834374,-0.028834374,0,0,0.008103663,0
3,-0.015953814,-0.015953814,0,0,0.007503153,0
4,0.235418269,0.235418269,0,0,0.242633696,0
5,0.191755601,0.191755601,0,0,0.198776344,0
6,-0.006296904,-0.006296904,0,0,0.007716703,0
7,0.010332812,0.010332812,0,0,0.004975338,0
