,fis_dp,fis_eqop,dp_std,eq_std,accuracy,accuracy_var
0,0.19905998384768203,0.19905998384768203,0.0,0.0,0.4574351455264463,0.0
1,-0.10946174576809112,-0.10946174576809112,0.0,0.0,0.03251972191054933,0.0
2,0.10953232154773239,0.10953232154773239,0.0,0.0,0.017407821955072327,0.0
3,-0.028132714261015757,-0.028132714261015757,0.0,0.0,0.008517070871697958,0.0
4,-0.2579584440267643,-0.2579584440267643,0.0,0.0,0.22915621577336434,0.0
5,-0.24930542113434231,-0.24930542113434231,0.0,0.0,0.1947395971052805,0.0
6,-0.04597604530627038,-0.04597604530627038,0.0,0.0,0.036400033813925176,0.0
7,0.0005733241081015179,0.0005733241081015179,0.0,0.0,0.023824393043663954,0.0
