,fis_dp,fis_eqop,dp_std,eq_std,accuracy,accuracy_var
0,-0.494776928,-0.548819054,0.023106327,0.023106327,0.261682721,0.006284387
1,-0.043633893,-0.119852986,0.009549791,0.009549791,0.137569404,0.002591535
2,0,0,0.004783724,0.004783724,0.043865114,0.001048609
3,-0.099430458,-0.069559825,0.001935183,0.001935183,0.026093938,0.001514888
4,0.181513264,0.172610382,0.053174711,0.053174711,0.227360458,0.006996991
5,0.159192702,0.000326901,0.003074911,0.003074911,0.184907207,0.010459886
6,-0.000705865,-0.082744367,0.014629833,0.014629833,0.070870884,0.001245791
7,0.02074689,-0.006086485,0.002442961,0.002442961,0.047650273,0.001653123
