,fis_dp,fis_eqop,dp_std,eq_std,accuracy,accuracy_var
0,-0.6528527345381075,-0.6628320706193721,0.0026762573363296616,0.0026762573363296616,0.5073583139878372,0.006847374743305759
1,-0.06696930625761226,-0.06486980992577343,0.00265276247353755,0.00265276247353755,0.1695350098654735,0.003468349155066807
2,-0.1546323563916315,-0.16347986443522225,0.0017506675918492968,0.0017506675918492968,0.027817270672598555,0.0005173726690817906
3,-0.09213031862453469,-0.06849785652077871,0.0017327962269837259,0.0017327962269837259,0.03548265484889535,0.0004907696018287749
4,-0.003358579619808759,-0.015769840772541475,0.00023893037138221252,0.00023893037138221252,0.12078307726683243,0.0018778105557533437
5,-0.000953835215786189,-0.003154248900044366,2.07733690943541e-05,2.07733690943541e-05,0.07630822488111551,0.0014945954914795054
6,-0.02910286935251909,-0.02139630882626757,7.47251371950718e-05,7.47251371950718e-05,0.04245692610403924,0.0006315204231955834
7,0.0,0.0,1.071245252885041e-05,1.071245252885041e-05,0.02025852237320829,0.00012632387095319023
