,fis_dp,fis_eqop,dp_std,eq_std,accuracy,accuracy_var
0,-0.77904278411044,-0.7735569621977544,0.0013027367384968965,0.0013027367384968965,0.6039168781794946,0.0016962828102619967
1,-0.14937967024318272,-0.13197982627121235,0.0005257412905342241,0.0005257412905342241,0.16113737612386228,0.0016723591428766237
2,-0.004051153266950318,-0.0029247709576867673,0.0004884349504297163,0.0004884349504297163,0.01401235074271707,0.00014466995013107974
3,-0.04921347572517719,-0.05429106844114246,0.0002552322410974329,0.0002552322410974329,0.012368676730762765,0.00024343274836191196
4,-0.007755421268162059,-0.02610174968237126,0.00012197921954477124,0.00012197921954477124,0.10709918945933042,0.0013285838228862528
5,-0.0069526365106467635,-0.007425732177476604,1.5837741120193655e-05,1.5837741120193655e-05,0.077383085109279,0.0007903822561287884
6,-0.0030639605662206586,-0.0027115000321959334,4.909133492399954e-06,4.909133492399954e-06,0.010971871296342315,0.00013110337198569765
7,-0.0005408983092202651,-0.001008390240160154,3.5375552070262166e-06,3.5375552070262166e-06,0.013110572358211628,0.0001900760198457774
