,fis_dp,fis_eqop,dp_std,eq_std,accuracy,accuracy_var
0,-0.789793308713154,-0.7718778078290801,0.000908904059105688,0.000908904059105688,0.6439888702195858,0.0008776359230041662
1,-0.14478823172097052,-0.1394461476421768,0.00032792038063477033,0.00032792038063477033,0.1598762314700916,0.0009218684332311412
2,-0.014231993631967014,-0.01327114514667547,0.00045801856197846884,0.00045801856197846884,0.007116106667293896,7.683670539950115e-05
3,-0.025005739216003797,-0.03220590634062145,0.0001618717208901038,0.0001618717208901038,0.007842194096468896,0.00017796605766975167
4,-0.020649929352026454,-0.0357085284647098,6.0754560920513265e-05,6.0754560920513265e-05,0.11478966452249277,0.000922497937025122
5,-0.005171433082297944,-0.006610961423003467,1.3329517880680065e-05,1.3329517880680065e-05,0.06298418699865323,0.00030337987600742697
6,0.0,0.0,4.6148678634414186e-08,4.6148678634414186e-08,0.0018645197228686627,1.132409590418526e-05
7,-0.0003593642835802875,-0.0008795031537328599,1.6256475073747683e-07,1.6256475073747683e-07,0.0015382263025449994,4.419928102281262e-06
