,fis_dp,fis_eqop,dp_std,eq_std,accuracy,accuracy_var
0,-0.7470281649464606,-0.529890137714624,0.037290789651566056,0.037290789651566056,0.39889529652117056,0.0191250047110441
1,-0.0632251842521971,-0.10272372408368058,0.0007075398106736188,0.0007075398106736188,0.13251676270692161,0.011904107665960808
2,-0.06339936026146901,-0.08356421223864877,0.021265648038743562,0.021265648038743562,0.07343570587895676,0.0077897252986168135
3,-0.011423503873002889,-0.021682957026161007,0.00831190696028889,0.00831190696028889,0.04854962822987167,0.0014470544964020366
4,-0.021477519261082777,-0.022849023998291768,0.0006059017521901909,0.0006059017521901909,0.06973041762499158,0.00248665268801724
5,-0.011065363654888576,-0.015013250164458012,0.0001452810975326576,0.0001452810975326576,0.12556910843234054,0.007832995765427534
6,-0.026323376532132715,-0.013132934363096458,0.00015623702002511803,0.00015623702002511803,0.05651955102482722,0.0013521049999355643
7,-0.056057527218766154,-0.2111437604110394,0.00024863562563070277,0.00024863562563070277,0.09478352958092011,0.0039050513199026192
