,fis_dp,fis_eqop,dp_std,eq_std,accuracy,accuracy_var
0,-0.7283589732458166,-0.6908787334257944,0.002068090480173428,0.002068090480173428,0.5885247151614111,0.004068146508930005
1,-0.09213203377126221,-0.10233611901657154,0.0019697180588283897,0.0019697180588283897,0.1624522374363751,0.0026457364535785294
2,-0.08198188715638458,-0.10395076929697614,0.0007890551553520562,0.0007890551553520562,0.013188548847993867,0.00010810243652522881
3,-0.07950401497320628,-0.0659037641523945,0.0005695391286441577,0.0005695391286441577,0.021419243732815396,0.00027380693144443187
4,-0.00496394214058992,-0.028465330694126354,0.00020057617915538538,0.00020057617915538538,0.11924446671116104,0.0008373367625352619
5,-0.00032869537970349146,-0.00150676792764581,2.4564847753770318e-05,2.4564847753770318e-05,0.0731828702349827,0.0023350567336640274
6,-0.012598196737810843,-0.00593225065388233,1.5167249901131034e-05,1.5167249901131034e-05,0.012240180619412368,9.953112992291809e-05
7,-0.00013225659522606164,-0.0010262648326089304,5.345476996750206e-06,5.345476996750206e-06,0.00974773725584836,5.4937590694085746e-05
