,fis_dp,fis_eqop,dp_std,eq_std,accuracy,accuracy_var
0,-0.5985231848259275,-0.5889068636375661,0.0010049700993831697,0.0010049700993831697,0.3375338696123581,0.000357453025763459
1,-0.1052819069293376,-0.10085261557165573,0.0022076017223226457,0.0022076017223226457,0.15358510539571313,0.0004136273699655248
2,-0.029387376029989126,-0.03311138947968923,0.0007588934510769745,0.0007588934510769745,0.07153775541347247,0.0001572613408665976
3,0.005561021233490442,-0.039492933001640064,0.00038778730170511787,0.00038778730170511787,0.07702759276118011,0.0002062380204098324
4,0.14922125742679754,0.13965604026863687,0.001194768581604864,0.001194768581604864,0.12202788025305904,0.0003025754190658373
5,0.10121545833486653,0.084120880639612,0.0017239188057448767,0.0017239188057448767,0.10439353894398504,0.00022203791129997655
6,0.004073916353796003,-0.010540874309296223,0.00040928739015788136,0.00040928739015788136,0.06695556928771833,5.498148511534912e-05
7,0.006735878865795304,-0.003318403091903841,0.0002469524528293832,0.0002469524528293832,0.06693868833251385,9.65020296339929e-05
