,fis_dp,fis_eqop,dp_std,eq_std,accuracy,accuracy_var
0,-0.28212511108849353,-0.3184107432121936,0.025641002162311487,0.025641002162311487,0.1972261341762135,0.004380606977496237
1,-0.041238003186336636,-0.037824624014096656,0.009199139189558999,0.009199139189558999,0.11475925532753731,0.004857591319175132
2,-0.1578726890018448,-0.16381289960828163,0.0043073809159422305,0.0043073809159422305,0.08895775782013775,0.0012623666041015977
3,-0.38542967212511325,-0.28001198295844537,0.016807680080371316,0.016807680080371316,0.1265674061906697,0.007597988049829236
4,-0.09274881768286862,-0.07848797344609497,0.0016885301700421255,0.0016885301700421255,0.11172557247242851,0.0048240728600470704
5,-0.005189399130290039,-0.001647826606772188,0.00048058403965986626,0.00048058403965986626,0.12365648085825105,0.014731616654843493
6,-0.004298386545660818,-0.005932919512911678,0.0022828417116952824,0.0022828417116952824,0.10881405845349316,0.0039645355054267525
7,-0.031097921239392274,-0.11387103064120385,0.0006667955579614475,0.0006667955579614475,0.12829333470126902,0.003897851640944134
