,fis_dp,fis_eqop,dp_std,eq_std,accuracy,accuracy_var
0,-0.6074322667001095,-0.6256106091018698,0.00500124315417138,0.00500124315417138,0.4664540565193171,0.005841850762996022
1,-0.10534957553469225,-0.10181549502502558,0.0015519429704926359,0.0015519429704926359,0.14627599863594185,0.0015976473895728698
2,-0.20558286622772753,-0.18305300928437,0.003893297486520131,0.003893297486520131,0.04516446308757792,0.0007883746952983787
3,-0.054812510476638376,-0.05480206750915971,0.004381760138303287,0.004381760138303287,0.04031831807501608,0.0012298073115388217
4,-0.005840674166495552,-0.008074018374859727,0.00024401827998067312,0.00024401827998067312,0.1116484303465751,0.0033062100427811345
5,-0.004361953867617129,-0.006053660712728471,1.8398434662529266e-05,1.8398434662529266e-05,0.09155330399333017,0.001981400765317492
6,-0.0005078813021940913,-0.0004889811022244659,4.312774935435617e-05,4.312774935435617e-05,0.05150107384754158,0.0012054701990964031
7,-0.01611227172452558,-0.020102158889762217,2.328058609418175e-05,2.328058609418175e-05,0.0470843554947002,0.0009760647902023669
