,fis_dp,fis_eqop,dp_std,eq_std,accuracy,accuracy_var
0,-0.7992176692340978,-0.7601503245833879,0.005536925019876965,0.005536925019876965,0.5136919711377138,0.008482893563089377
1,-0.009011417308775107,-0.005818398445444505,0.001374494988343381,0.001374494988343381,0.15186646644126228,0.01378128155367234
2,0.0,0.0,0.004116293309379387,0.004116293309379387,0.038282152450141604,0.001935379669232911
3,-0.04709351818397087,-0.06597222247705717,0.0006345707354273933,0.0006345707354273933,0.026046869547547785,0.0013275846430167797
4,-0.060803895967941494,-0.09985767727788943,0.0005141305913760143,0.0005141305913760143,0.05975423836159284,0.0014257111970059685
5,0.0,-0.011038303237307794,4.383919983351084e-05,4.383919983351084e-05,0.09248367523314707,0.004407871487491001
6,-0.03680067380279588,-0.027482126655615922,0.0002186292499342485,0.0002186292499342485,0.04330825429577201,0.0014936739575610344
7,-0.04707282550241892,-0.02968094732329731,0.0005020195168779875,0.0005020195168779875,0.07456637253282254,0.004879064993519348
