,fis_dp,fis_eqop,dp_std,eq_std,accuracy,accuracy_var
0,-0.7991707936119823,-0.80352813129993,0.02099197506989879,0.02099197506989879,0.2848896940914036,0.012058354472883271
1,-0.026253058674256317,-0.03534049017100589,0.006511352757179363,0.006511352757179363,0.10687845481599041,0.0023023262661922795
2,-0.018055828906514047,-0.006256556681089933,0.007941676709771143,0.007941676709771143,0.06217004914884496,0.0030622727184905986
3,-0.12505589200342468,-0.0909662731947862,0.006822934593864162,0.006822934593864162,0.11104190958837142,0.0022518874746551456
4,-0.004133031723362088,-0.011113644809811418,0.00042424551981932795,0.00042424551981932795,0.14795533113894052,0.00267925244570458
5,-0.001072161306779814,-0.0012233195313439262,0.0002899118889244976,0.0002899118889244976,0.10951568968758851,0.004998959001414388
6,-0.02438216262544848,-0.039260145335271744,0.0003457204994478493,0.0003457204994478493,0.09269063509213697,0.0027946720175211766
7,-0.0018770711482322623,-0.012311438976761045,0.00014653892190699019,0.00014653892190699019,0.08485823643672356,0.0009359849785240329
