,fis_dp,fis_eqop,dp_std,eq_std,accuracy,accuracy_var
0,-0.4543663112941331,-0.3514458062824702,0.010241356225286154,0.010241356225286154,0.20918659744404736,0.0022713406483026214
1,0.07504544004850439,0.040197942119971256,0.00254455748745104,0.00254455748745104,0.11470763367225048,0.0009787215066184491
2,-0.0713296715658246,-0.14364835206762958,0.009987411958625111,0.009987411958625111,0.11376933334943551,0.0006624287493582857
3,-0.031250120931480684,-0.037962143516926096,0.003011234513028917,0.003011234513028917,0.1035452120200201,0.00030531174068858236
4,0.09469571980452512,0.0720312986199122,0.0019671407052995566,0.0019671407052995566,0.11356057809299887,0.0002681470128274444
5,0.16061828559506336,0.1461209911477884,0.0014121303265571283,0.0014121303265571283,0.1291211178251765,0.0005404103766191209
6,0.11069939477597246,0.11804220012328945,0.0015261092732937838,0.0015261092732937838,0.1044083261770599,0.0003585771557146915
7,0.0019950559844963247,-0.09055126612201274,0.0020859607295033223,0.0020859607295033223,0.11170120141901133,0.0002949829662541785
