,fis_dp,fis_eqop,dp_std,eq_std,accuracy,accuracy_var
0,-0.44825121896621584,-0.5732286620444939,0.0016717779296411082,0.0016717779296411082,0.19350545763080917,0.0002623412346186902
1,0.02043755554406346,0.04175133614257826,0.0010743311456844174,0.0010743311456844174,0.13000959067846818,0.00015057720046270274
2,-0.08414189309916624,-0.12024734017155726,0.0018864440164823727,0.0018864440164823727,0.10522920420416053,5.6803802929243836e-05
3,-0.05509156731776031,-0.017725428957273293,0.0014737684172059008,0.0014737684172059008,0.11100708368676385,3.812574961935429e-05
4,0.1105315560247616,0.06276391424076874,0.0004695517750448755,0.0004695517750448755,0.12673898088343186,7.684940706051464e-05
5,0.11120335362181956,0.09723408323441367,0.00038011721095089913,0.00038011721095089913,0.11626217407199717,4.860951683283145e-05
6,0.1015120876581023,0.06314313682397474,0.00045178768411101056,0.00045178768411101056,0.10942467149159285,4.034879354577739e-05
7,0.0688307677681106,0.023906098384939962,0.0006490716807391127,0.0006490716807391127,0.10782283735277645,4.03669920313417e-05
