,fis_dp,fis_eqop,dp_std,eq_std,accuracy,accuracy_var
0,-0.3095948667322199,-0.34501417556031266,0.0262248520971889,0.0262248520971889,0.1912231606858676,0.002048753544952548
1,0.14326477453881362,0.22106775727581143,0.045863289349785306,0.045863289349785306,0.1282986146018466,0.003837025820023588
2,0.04262647320087025,-0.0769387991478345,0.026433120450529805,0.026433120450529805,0.15776638011324035,0.003971541640115965
3,-0.11271492738762781,-0.1847938385004858,0.018335660740637374,0.018335660740637374,0.11961610538255604,0.0023678701477184844
4,0.01311023369586261,0.007492491670219643,0.015273619113637522,0.015273619113637522,0.1324011446081326,0.00847849588595534
5,0.2873615556179425,0.028193980136136065,0.029899811190051574,0.029899811190051574,0.10514926543810385,0.0032737183053539397
6,0.08022855829048335,0.008192161578817716,0.002557591227854376,0.002557591227854376,0.06090368963419153,0.0011134305951545913
7,0.011098610536179956,-0.12830679613038212,0.029845313884661873,0.029845313884661873,0.10464163953606134,0.009717641385043519
