,fis_dp,fis_eqop,dp_std,eq_std,accuracy,accuracy_var
0,-0.4654771733821876,-0.5875673911217928,0.001270119040634322,0.001270119040634322,0.2359344712442856,0.00038313838183554776
1,0.0741395482370044,0.07828008011606302,0.0007201697500655726,0.0007201697500655726,0.13084597046806473,0.0002509070448501273
2,-0.07709270541985883,-0.11558074129016223,0.0008235451707159107,0.0008235451707159107,0.09547232531692484,4.044226536669165e-05
3,-0.05648540941260285,-0.0577611496066989,0.0014595096671408236,0.0014595096671408236,0.10138075327553175,6.771750024699864e-05
4,0.07327397804607104,-0.0006070366099345444,0.0002903411429002909,0.0002903411429002909,0.12530404955837643,3.055478707583449e-05
5,0.11471657899491125,0.11953627144229481,0.0007507966650365839,0.0007507966650365839,0.11301767251626034,0.00013627937962685862
6,0.0871060864106994,0.039620121461809904,0.000293208002585279,0.000293208002585279,0.10081669542414158,3.5227146288427105e-05
7,0.05170852009666467,-0.0010472083512437966,0.0008249125250729541,0.0008249125250729541,0.09722806219641475,3.8096689308526114e-05
