,fis_dp,fis_eqop,dp_std,eq_std,accuracy,accuracy_var
0,0.2027793650351488,0.22632463327025362,0.0330669097813815,0.0330669097813815,0.22215350604208792,0.0015461741575854915
1,-0.03547639859116319,-0.10529809393949735,0.05831623460029316,0.05831623460029316,0.1278624013577685,0.0009419484069133401
2,-0.032247176045994724,-0.08469753696780798,0.009157940420803562,0.009157940420803562,0.10386599055833623,0.0006609462412214631
3,-0.21132363172029783,-0.13809434153897332,0.0033592844185388673,0.0033592844185388673,0.10041592592110289,0.0006140008721082434
4,0.3911733185912699,0.32911013625071434,0.03436295804933218,0.03436295804933218,0.12696644995660328,0.0006196581057365697
5,0.09832776306886001,0.008509367612669662,0.02953122504393421,0.02953122504393421,0.11611117940811708,0.00046129547126751256
6,-0.02294240990582234,-0.09589189923396779,0.0033034433076467216,0.0033034433076467216,0.09665598128738413,0.0005088299904412832
7,-0.005729937041443203,-0.012073991186116009,0.007033522654475796,0.007033522654475796,0.10596856546859998,0.0008089222287694872
