,fis_dp,fis_eqop,dp_std,eq_std,accuracy,accuracy_var
0,-0.5019489076419833,-0.5713295515663173,0.0013505895696783914,0.0013505895696783914,0.21122464534385177,0.00012396262346489224
1,0.026159913583116826,0.04318295144931862,0.0007276644876142003,0.0007276644876142003,0.1263334590037021,6.116696053762127e-05
2,-0.07152450280422877,-0.06076644213852784,0.00033881044955819085,0.00033881044955819085,0.106249982983598,9.045230738425466e-06
3,-0.0025655882184094604,0.0018258100571156954,0.0008173533404942184,0.0008173533404942184,0.107794620471612,2.5737288476412423e-05
4,0.08300152603027021,0.04848036707340505,0.0002268934555081488,0.0002268934555081488,0.12313962766993472,6.281124909180993e-05
5,0.19306137828900746,0.19012606111921,0.0008431946096549608,0.0008431946096549608,0.11890028119628118,5.1902739894778264e-05
6,0.05633991654777759,0.0390326356688282,0.00039917790473524876,0.00039917790473524876,0.10372953453108014,1.716270517120993e-05
7,0.06539826688520636,0.045256180927277234,0.0002664759619047631,0.0002664759619047631,0.10262784879994011,1.8742482809259414e-05
