,fis_dp,fis_eqop,dp_std,eq_std,accuracy,accuracy_var
0,-0.43357999436472433,-0.4070143403235356,0.006106409285809737,0.006106409285809737,0.2507175577113665,0.0018846202651738
1,0.09757399097653048,0.06997674665659319,0.004407298253236333,0.004407298253236333,0.12141765914922138,0.0010264861191091811
2,-0.055564594533226194,-0.08504729062079625,0.0039216034911443666,0.0039216034911443666,0.09901010289600817,0.0003753444488652138
3,-0.047782348784017964,-0.09493019440409915,0.002626856663043162,0.002626856663043162,0.09509286194380243,0.00024670509263901577
4,0.04860583240766361,0.0011374467951542288,0.00034003409219965266,0.00034003409219965266,0.10806068972507925,0.0002513786943096183
5,0.1642462397371557,0.1537886344554668,0.0016891445286930135,0.0016891445286930135,0.12133387854731212,0.00038927234717980603
6,0.13391008549386546,0.12631359803133507,0.0010750946441532778,0.0010750946441532778,0.09603426638750305,0.00022877592064794763
7,-0.018736913702816146,-0.061791748713019755,0.0012214895873146887,0.0012214895873146887,0.10833298363970705,0.00058019088214447
