,fis_dp,fis_eqop,dp_std,eq_std,accuracy,accuracy_var
0,0.15577522570675323,0.058666038588134746,0.04303063634097272,0.04303063634097272,0.14180324845327413,0.0006041757807648993
1,-0.211676721163805,-0.2839786363095136,0.04763944537581175,0.04763944537581175,0.13424449591988752,0.0004929471007755679
2,0.2041086127204395,0.041033932786889875,0.027294740693943765,0.027294740693943765,0.12177789128403793,0.00043008301742587655
3,-0.08477962093382256,-0.05869334479429124,0.013871970162799858,0.013871970162799858,0.11286022527629984,0.0005550851456954098
4,-0.047148011764738,-0.127278814743892,0.007642386203466795,0.007642386203466795,0.13115947671932623,0.0006678046799730951
5,0.1601348137638793,0.16856105172761437,0.011616785040143372,0.011616785040143372,0.1253189742418234,0.0006584454673267942
6,0.04946463527677376,0.04394529092110537,0.012920838705494316,0.012920838705494316,0.11953957929054859,0.00022407387523790367
7,-0.08691235866978855,-0.21784289012855879,0.006141588218420891,0.006141588218420891,0.11329610881480234,0.0004413287401119644
