,fis_dp,fis_eqop,dp_std,eq_std,accuracy,accuracy_var
0,-0.23227412511038414,-0.24942001407569422,0.011293701822554698,0.011293701822554698,0.12455571886932906,0.0007425455671229128
1,0.2473165257938882,0.18292328683921105,0.023761880715190982,0.023761880715190982,0.12775248939315242,0.0007242879952667075
2,-0.262019502972331,-0.19126689451504564,0.017973871209353506,0.017973871209353506,0.1234540711179298,0.0018823067586709152
3,0.06062430023987287,-0.07318911945737011,0.01423987949254443,0.01423987949254443,0.10359035387142201,0.00027272851320046777
4,-0.05573876281186022,-0.05571135715251653,0.014444464614069213,0.014444464614069213,0.12623508737570033,0.0008937939311219501
5,-0.031723248249709374,-0.05108289110085308,0.006235927258141919,0.006235927258141919,0.1314092169448796,0.0005836542185309389
6,-0.09397917330733853,-0.1354969282842025,0.010790485828726198,0.010790485828726198,0.1417460627678045,0.0006086718113131985
7,-0.016324361514615835,0.060909508575106804,0.025401097993402615,0.025401097993402615,0.12125699965978227,0.0006204295225762427
