,fis_dp,fis_eqop,dp_std,eq_std,accuracy,accuracy_var
0,0.2643563753389426,0.2643563753389426,0.00531524961438209,0.00531524961438209,0.4674369254605941,0.0005306132034893338
1,0.08198280431055281,0.08198280431055281,0.003077237988608032,0.003077237988608032,0.16556534473744533,0.00018149309826454292
2,0.09371108807182779,0.09371108807182779,0.00012819903595689288,0.00012819903595689288,0.04414268069086795,2.3744242654939675e-05
3,0.08966090830836386,0.08966090830836386,0.00017597848541764334,0.00017597848541764334,0.04239284493347096,7.034321550338941e-06
4,0.1546127035676679,0.1546127035676679,0.0009279672056951783,0.0009279672056951783,0.11232192514820338,0.00013216339247387312
5,0.11656223786721699,0.11656223786721699,0.0005166078011899359,0.0005166078011899359,0.08475317864080038,0.00011271855019219848
6,0.10261550850886808,0.10261550850886808,0.00010362798883176056,0.00010362798883176056,0.042169045021326144,1.1358679586486424e-05
7,0.09649837402655999,0.09649837402655999,0.000159419640727516,0.000159419640727516,0.041218055367291714,2.039314263374434e-05
