,fis_dp,fis_eqop,dp_std,eq_std,accuracy,accuracy_var
0,-0.06093639970365857,-0.1452925581719477,0.02172361973670989,0.02172361973670989,0.2375411832536237,0.0007344176051077946
1,0.46943142694033957,0.2649261207455295,0.028230814347019163,0.028230814347019163,0.1264378633176708,0.0004436720692620506
2,-0.17788915440019187,-0.18313002938522419,0.006643082736602241,0.006643082736602241,0.09843312847042829,0.00029050932846829097
3,-0.02641821880253508,0.01653830372544196,0.0069043300554120935,0.0069043300554120935,0.1013601471425402,0.000495016783868368
4,0.1477844791734529,0.114033295861914,0.03330858628344687,0.03330858628344687,0.1199038343202508,0.0004116202057949291
5,-0.032977357058327175,-0.046085780592419585,0.01646599254980483,0.01646599254980483,0.12390463664988258,0.0006659123967469917
6,-0.0323547527870332,-0.13205564818908136,0.005150826944097144,0.005150826944097144,0.09832302102115684,0.0005375392823302497
7,-0.052208211134461543,-0.09793826332844183,0.009636510155017706,0.009636510155017706,0.09409618582444682,0.00029828509150622325
