,fis_dp,fis_eqop,dp_std,eq_std,accuracy,accuracy_var
0,0.12070705542267014,0.01333652284373282,0.07958401241919269,0.07958401241919269,0.3072243794568793,0.0003779173782180761
1,0.5451679019854293,0.4089073819057079,0.02354026604187443,0.02354026604187443,0.13848220870021918,0.0006068079363991789
2,-0.08349708798122572,-0.061606988021621796,0.006964499993649143,0.006964499993649143,0.08477584175249825,0.00037214627391320127
3,0.01947715105635088,-0.002381890241545225,0.0029735062781214784,0.0029735062781214784,0.07719208377245053,0.000360282271530056
4,0.03326448325668597,-0.058849134306675696,0.005695943302896797,0.005695943302896797,0.11984692391011494,0.00033939672658908095
5,-0.10304030415250506,-0.18034557437133894,0.015811560798559804,0.015811560798559804,0.10190630603283116,0.00026752628423758976
6,-0.05664076775956236,0.062386148632114335,0.003102226642776384,0.003102226642776384,0.08357567971126392,0.0002949791945295951
7,-0.038205248385570476,-0.21218635967726335,0.004164529768298145,0.004164529768298145,0.08699657666374278,0.00034046404388366234
