,fis_dp,fis_eqop,dp_std,eq_std,accuracy,accuracy_var
0,-0.1633025128172498,-0.037908638722119234,0.01077667811596769,0.01077667811596769,0.13148759776259264,0.005056686888579448
1,-0.00977617123921442,0.07569872710766803,0.03025064698655449,0.03025064698655449,0.13381288512690287,0.0052850495450431755
2,-0.39939092062952475,-0.4592593462601742,0.02024535288234084,0.02024535288234084,0.10470707161221662,0.004046184901491033
3,-0.06322096944616634,-0.15324747033237124,0.017221735362726538,0.017221735362726538,0.17108029767308663,0.010525333053523416
4,0.3067125715795471,0.24283452112506648,0.029719595163179284,0.029719595163179284,0.11592118517358582,0.0048294338147309
5,0.05759685428829758,-0.031051296452600893,0.056844233315511625,0.056844233315511625,0.1533174607230113,0.0036213007771312518
6,0.0,0.0,0.011897644208270018,0.011897644208270018,0.0759779372318979,0.0013280375237488399
7,0.0,0.0,0.011375593988691667,0.011375593988691667,0.11369556469670614,0.004221318178641168
