,fis_dp,fis_eqop,dp_std,eq_std,accuracy,accuracy_var
0,-0.4649143107884744,-0.46885011664845516,0.0018249934699360656,0.0018249934699360656,0.21717489366405127,0.00010811097196591825
1,-0.15522355081310962,-0.11510854157458872,0.001682317562709823,0.001682317562709823,0.12623263318464412,7.166904777329436e-05
2,-0.1306525106311344,-0.13380908303193922,0.0005015776405908547,0.0005015776405908547,0.10698879478956544,1.760494377599439e-05
3,-0.12823440229933092,-0.15017378242120877,0.0003803844640352428,0.0003803844640352428,0.1061130442144137,3.496267452873821e-05
4,0.023388792948013114,-0.021337216215640886,0.0002660248118596806,0.0002660248118596806,0.1211110591146779,6.592117630476345e-05
5,0.04973464181060762,0.0035806263750662324,0.00025598544777729606,0.00025598544777729606,0.11756539067722453,4.5952267001200266e-05
6,-0.019557782599055294,-0.049231687081006635,0.00018908496495251875,0.00018908496495251875,0.10310072933847633,1.8901504418761728e-05
7,-0.02829400811027456,-0.057908946652094256,0.0002051491283652644,0.0002051491283652644,0.10171345501694676,1.6458731374684005e-05
