,fis_dp,fis_eqop,dp_std,eq_std,accuracy,accuracy_var
0,-0.20387275012018866,-0.11276855475649501,0.02871671654475605,0.02871671654475605,0.15576589308938193,0.000902194150461687
1,0.3491960916273241,0.18039188993776464,0.04525538781649721,0.04525538781649721,0.12105802564864684,0.00036693980972376074
2,-0.024558632939732688,0.009526217280017391,0.005476529258738561,0.005476529258738561,0.11686692573668582,0.000981494684715771
3,-0.15377636933906327,-0.1832825920453144,0.00969411364688404,0.00969411364688404,0.1065597848803725,0.0010429735636120897
4,-0.02547365033288795,0.09056945298715742,0.008254967051648875,0.008254967051648875,0.14106027475698352,0.0015254850113094686
5,0.1610936666461693,0.18027501628185702,0.016308990913726375,0.016308990913726375,0.12182603228339853,0.0015329525600658307
6,0.07610950361788502,0.046246321466056055,0.0021975405360543186,0.0021975405360543186,0.11160087571377446,0.0009102252650497114
7,-0.005919335376749076,-0.19693995524533814,0.008767431268908783,0.008767431268908783,0.1252621878907564,0.0009053931255150405
