,fis_dp,fis_eqop,dp_std,eq_std,accuracy,accuracy_var
0,-0.15056183157791317,-0.16688217970254182,0.021590997016647927,0.021590997016647927,0.13725624595593094,0.000405020627498448
1,-0.1656430631862771,-0.06428067373676496,0.017429439795618624,0.017429439795618624,0.12468544159733379,0.00039153542472846034
2,0.02447189172554827,-0.10894178485585855,0.005310211732061855,0.005310211732061855,0.10833090514513313,0.00010452575910176126
3,-0.15794337068105846,-0.09342185515629575,0.013510941450936616,0.013510941450936616,0.12488394596434582,0.0006772591810924379
4,0.2366669403713205,0.07462413999460947,0.019261020643682014,0.019261020643682014,0.13197752774565638,0.0005968689494775098
5,-0.048962028650112774,-0.22025760695152874,0.01593172368400901,0.01593172368400901,0.13166995678002694,0.0009946089823060676
6,-0.07927393138485525,-0.24972376776996372,0.005215577187848938,0.005215577187848938,0.12414241302184444,0.00044850042109446947
7,0.1364769424229145,-0.021867991832436973,0.021720357909467764,0.021720357909467764,0.1170535637897285,0.000491269772021544
