,fis_dp,fis_eqop,dp_std,eq_std,accuracy,accuracy_var
0,-0.38418148729181706,-0.48465311066492145,0.004168349943077041,0.004168349943077041,0.14353268680887837,0.00013751551574443205
1,0.03094692744005944,0.02168840727826898,0.0035964780571355105,0.0035964780571355105,0.12193158027542683,4.3009639032906175e-05
2,-0.12941336889944707,-0.16856291066220533,0.0026417081076354253,0.0026417081076354253,0.11842706521704652,4.367845187269089e-05
3,-0.0965832904860724,-0.11586859070995038,0.0030732380299698095,0.0030732380299698095,0.12201370079527354,2.857981235013977e-05
4,0.09058628494428912,0.04507868416277947,0.0012244310505423683,0.0012244310505423683,0.12600395715872373,2.031026814137412e-05
5,0.061842953772093694,0.037586079526375736,0.0003866327300114581,0.0003866327300114581,0.12246120262556022,9.034168624103289e-05
6,0.10089326837036643,0.05558230053471358,0.00018062452980479498,0.00018062452980479498,0.12420517402312718,1.4841717285027753e-05
7,0.1055524187958548,0.07097991646078505,0.001325095667925384,0.001325095667925384,0.12142463309596363,6.082290467098266e-05
