,fis_dp,fis_eqop,dp_std,eq_std,accuracy,accuracy_var
0,-0.19183534433969254,-0.12624815586092644,0.03163556017897821,0.03163556017897821,0.21055977074502308,0.0024539347992495924
1,-0.04588192938944864,0.012968381679744385,0.026220034556454642,0.026220034556454642,0.12921749686410905,0.0039540635379473705
2,-0.10741715191384382,-0.058313298166985696,0.015428499316323094,0.015428499316323094,0.10489934563102499,0.0026426168047527397
3,-0.11693574250545773,-0.2102304354103376,0.006591591719183001,0.006591591719183001,0.10981822356901297,0.011006288760510493
4,0.004185249817869191,0.011519392719070173,0.0577321465759841,0.0577321465759841,0.1153402025047084,0.0022263762511281005
5,0.2659024829237231,0.3086532650411176,0.0150707256954993,0.0150707256954993,0.10116727175267015,0.005483860583698991
6,0.2038988830488908,0.19710585924975194,0.0069105191072015544,0.0069105191072015544,0.09697704678108877,0.004000009074692596
7,0.06394321606107427,-0.07496121187206627,0.019091621404948723,0.019091621404948723,0.1320206421523626,0.003563981482584426
