,fis_dp,fis_eqop,dp_std,eq_std,accuracy,accuracy_var
0,-0.38177319690010997,-0.4826363257544252,0.0012370201942002435,0.0012370201942002435,0.15538250281573146,9.487234646296226e-05
1,-0.07479117556079572,-0.07480825645140074,0.0021346762154736566,0.0021346762154736566,0.1244191556651902,2.2799919001610857e-05
2,-0.11322800830288779,-0.1151797517819016,0.0009397608968868491,0.0009397608968868491,0.11906413469636623,2.0560497994060607e-05
3,-0.07957636430356727,-0.08173913228686125,0.0009809790204501827,0.0009809790204501827,0.11897595826499355,2.1098213187792398e-05
4,0.08095733447171413,0.04525852119991561,0.00012295510940217553,0.00012295510940217553,0.12308048039906432,6.292926354837977e-05
5,0.13753407910933058,0.1270433704376748,0.000637798716541992,0.000637798716541992,0.12257531068695407,2.7294287749828403e-05
6,0.05751051866328101,0.027059183154101284,0.0001892112831920515,0.0001892112831920515,0.11792375828493784,2.9012510481963984e-05
7,0.0746293226883136,0.04627545893371952,0.0002941424373779967,0.0002941424373779967,0.11857869918676242,8.815697440398714e-06
