,fis_dp,fis_eqop,dp_std,eq_std,accuracy,accuracy_var
0,0.09302552308084447,0.09302552308084447,0.01706934243011039,0.01706934243011039,0.2390378138163931,0.0006475688824658652
1,0.12286894227770825,0.12286894227770825,0.020532730234919284,0.020532730234919284,0.13614873530713864,0.00016385385344006693
2,0.4155835521115365,0.4155835521115365,0.015521468874570867,0.015521468874570867,0.09846807792454962,0.0003876746259242742
3,0.0783361360249583,0.0783361360249583,0.01733263606401566,0.01733263606401566,0.09736463838535336,0.00042561378669264726
4,0.10542846561748774,0.10542846561748774,0.01656500879335353,0.01656500879335353,0.12523541009945366,0.00047444390429414137
5,0.019761189009332127,0.019761189009332127,0.005727212579820032,0.005727212579820032,0.11286240823647689,9.339893395394921e-05
6,0.12746454346580105,0.12746454346580105,0.003558246052303733,0.003558246052303733,0.09487436891832554,0.00035121939884606875
7,-0.03753164841233147,-0.03753164841233147,0.004343599610974793,0.004343599610974793,0.09600854731230915,0.000335017732914779
