,fis_dp,fis_eqop,dp_std,eq_std,accuracy,accuracy_var
0,-0.25423921231810487,-0.37403822443899565,0.011762615230666292,0.011762615230666292,0.14090976557798696,0.00045028237617508694
1,-0.0705163849673929,-0.012532492764093517,0.008915664291861278,0.008915664291861278,0.12060266221720048,0.0002690062210734027
2,-0.18865537069871227,-0.27738203147378815,0.007665252711653038,0.007665252711653038,0.12973969477641895,0.0005155151180637109
3,-0.18140674320126665,-0.006710421449115368,0.0075210944341112295,0.0075210944341112295,0.11668524226344712,0.0003003316894765327
4,0.052974920072540246,-0.010447389250824833,0.0016481807981963861,0.0016481807981963861,0.1217999120190801,0.00018799999706509339
5,0.1157977792257886,0.08240667343908106,0.0014126863914504786,0.0014126863914504786,0.1304079551322212,0.0007077878243516251
6,0.06699353341921885,0.06032940374483267,0.0030352870920854246,0.0030352870920854246,0.11360514056897848,0.00020467840978715903
7,0.06941605609697551,-0.1761533634392687,0.003441321630313883,0.003441321630313883,0.12624962744466678,0.00025108545144807387
