,fis_dp,fis_eqop,dp_std,eq_std,accuracy,accuracy_var
0,-0.4602004269405421,-0.361246905894965,0.0011237250208817981,0.0011237250208817981,0.23361412815453614,0.00013865102679750155
1,-0.28291181091056133,-0.24686982489455891,0.0011806778586475888,0.0011806778586475888,0.16385231677207238,0.00014510256567744345
2,-0.029442532131242673,-0.05207744528064438,0.0002855374244331168,0.0002855374244331168,0.06865409922128556,1.7089383123704442e-05
3,-0.036506923633607226,-0.051188088439081285,0.000125994558416317,0.000125994558416317,0.06641368553490323,2.1127311514727977e-05
4,0.18120719730499158,0.14031552497779283,0.00021424651496448254,0.00021424651496448254,0.183864092160258,0.00027393375580898524
5,0.156120307887728996,0.08129878654316217,0.00017893866475386533,0.00017893866475386533,0.15119638782202036,3.668624915008461e-06
6,0.01576360703456564,0.0498975861894188,0.00012008772811221359,0.00012008772811221359,0.06724949377201282,1.496124823473489e-05
7,0.03784719415676045,0.01710583778037663,3.961891074672755e-05,3.961891074672755e-05,0.06515579656291151,3.44411708889575e-05
