,fis_dp,fis_eqop,dp_std,eq_std,accuracy,accuracy_var
0,-0.460539954,-0.460539954,0,0,0.427451973,0
1,-0.113822224,-0.113822224,0,0,0.088995558,0
2,-0.007109089,-0.007109089,0,0,0.008969705,0
3,-0.005450199,-0.005450199,0,0,0.00798131,0
4,0.250293669,0.250293669,0,0,0.29215456,0
5,0.242561411,0.242561411,0,0,0.157065618,0
6,0.009404415,0.009404415,0,0,0.008601181,0
7,0.010819039,0.010819039,0,0,0.008780096,0
