,fis_dp,fis_eqop,dp_std,eq_std,accuracy,accuracy_var
0,-0.536256001,-0.536256001,0,0,0.381440224,0
1,-0.015012993,-0.015012993,0,0,0.062493418,0
2,-0.010340398,-0.010340398,0,0,0.028344383,0
3,-0.021564182,-0.021564182,0,0,0.020621055,0
4,0.345147784,0.345147784,0,0,0.331893765,0
5,0.051652351,0.051652351,0,0,0.135124904,0
6,-0.000872171,-0.000872171,0,0,0.024454598,0
7,-0.01915412,-0.01915412,0,0,0.015627652,0
