,fis_dp,fis_eqop,dp_std,eq_std,accuracy,accuracy_var
0,-0.33170575,-0.518930981,0.006994329,0.006994329,0.18996217,0.002401642
1,-0.171765043,0.111260435,0.002516312,0.002516312,0.139894683,0.000701203
2,-0.066225583,-0.072144475,0.002555996,0.002555996,0.086612655,7.69E-05
3,-0.03334244,-0.033186373,0.002728091,0.002728091,0.083022126,0.000293874
4,0.111832073,0.172541106,0.007353597,0.007353597,0.181562047,0.002319448
5,0.04802168,0.017872466,0.001308235,0.001308235,0.154020501,0.001635676
6,0.023090754,-0.04075062,0.002059265,0.002059265,0.083323553,7.38E-05
7,0.014016675,-0.084013266,0.000667275,0.000667275,0.081602265,0.000118273
