,fis_dp,fis_eqop,dp_std,eq_std,accuracy,accuracy_var
0,-0.21942744074164128,-0.21942744074164128,0.00176862302747707,0.00176862302747707,0.12847216757813001,8.879887375026975e-05
1,-0.041556142630058614,-0.041556142630058614,0.0043328296123726455,0.0043328296123726455,0.07480087012783884,0.00012464894714525157
2,-0.03147950666386772,-0.03147950666386772,0.0002937768885085663,0.0002937768885085663,0.0017660241845394533,6.950948052148078e-07
3,-0.0035729450663852147,-0.0035729450663852147,0.00040255286930198037,0.00040255286930198037,0.0013698421633754547,2.9802177490754016e-08
4,-0.46627038824701833,-0.46627038824701833,0.012765724276129722,0.012765724276129722,0.4642969816077672,0.0001523908798246797
5,-0.1411260260037069,-0.1411260260037069,0.004836817532342956,0.004836817532342956,0.3263744633863378,0.00043385965267816133
6,-0.016024132155858992,-0.016024132155858992,0.00027486267500925526,0.00027486267500925526,0.0015157747392004661,2.5429077561044467e-07
7,-0.08054341849146288,-0.08054341849146288,0.0011953971115625003,0.0011953971115625003,0.0014038762128107869,1.9422903964554596e-07
