,fis_dp,fis_eqop,dp_std,eq_std,accuracy,accuracy_var
0,-0.21,-0.21,5.599999999999986e-05,5.599999999999986e-05,0.11675582847628356,4.181160879160611e-05
1,-0.14,-0.14,8.000000000000003e-05,8.000000000000003e-05,0.0672672530135996,0.0001439668226532571
2,0.0,0.0,0.0,0.0,0.0,0.0
3,0.0,0.0,0.0,0.0,0.0,0.0
4,-0.34,-0.34,2.4000000000000485e-05,2.4000000000000485e-05,0.4792547069208732,0.0002301054865019402
5,-0.31,-0.31,2.4000000000000045e-05,2.4000000000000045e-05,0.33672221158924354,0.000508807337690712
6,0.0,0.0,0.0,0.0,0.0,0.0
7,0.0,0.0,0.0,0.0,0.0,0.0
