,fis_dp,fis_eqop,dp_std,eq_std,accuracy,accuracy_var
0,-0.1580036379340455,-0.1580036379340455,0.001597080396553092,0.001597080396553092,0.12085461751605373,0.002080080898473406
1,-0.047924875104710656,-0.047924875104710656,0.0015410334791152926,0.0015410334791152926,0.06032367726467425,0.00023411235370619587
2,-0.07452038829551451,-0.07452038829551451,0.0007090255453800975,0.0007090255453800975,0.023505450727314157,0.0003116385362905172
3,-0.05241393352141182,-0.05241393352141182,1.4953351562168966e-05,1.4953351562168966e-05,0.01204590213765394,7.027939541598115e-06
4,-0.23299899612337532,-0.23299899612337532,0.011562186290417437,0.011562186290417437,0.3443028754029532,0.002987495077709853
5,-0.324806904830889,-0.324806904830889,0.00625070643051702,0.00625070643051702,0.3984583091034024,0.006369251460327246
6,-0.06955432901758897,-0.06955432901758897,0.0007990728519431929,0.0007990728519431929,0.016410083066267546,5.208503578364034e-05
7,-0.039776935172464174,-0.039776935172464174,0.0005245469792425634,0.0005245469792425634,0.024099084781680807,0.00027563236537183044
