,fis_dp,fis_eqop,dp_std,eq_std,accuracy,accuracy_var
0,-0.2511276996615222,-0.2511276996615222,0.004074366288197052,0.004074366288197052,0.1138433908771684,0.002420338008456793
1,-0.10132906106406822,-0.10132906106406822,0.0012576155937471848,0.0012576155937471848,0.06075604403470579,0.00047212894783759437
2,-0.04041362423727614,-0.04041362423727614,0.0003237888825848268,0.0003237888825848268,0.022450191020221444,0.0002226032653534498
3,-0.04201230626430367,-0.04201230626430367,0.0005056563706160765,0.0005056563706160765,0.011896891311132864,1.204847209290728e-05
4,-0.2574398653240925,-0.2574398653240925,0.02870096215140311,0.02870096215140311,0.343973305861432,0.0024812866809957534
5,-0.2728009809875128,-0.2728009809875128,0.018360416009982915,0.018360416009982915,0.40942201073900175,0.007350674063106804
6,-0.029380290213802368,-0.029380290213802368,0.0006203138521799229,0.0006203138521799229,0.01505760067768338,6.081514653589424e-05
7,-0.005496172247421994,-0.005496172247421994,0.001492606425443093,0.001492606425443093,0.022600565478654303,0.00022871098557748778
