,fis_dp,fis_eqop,dp_std,eq_std,accuracy,accuracy_var
0,-0.17566102895016866,-0.17566102895016866,0.0007734841035723524,0.0007734841035723524,0.13028887066099976,5.441385873159384e-05
1,-0.12051608868428126,-0.12051608868428126,0.007135190671904513,0.007135190671904513,0.07970996942258207,9.93426711650132e-05
2,-0.023658824610546903,-0.023658824610546903,0.0002595321701778658,0.0002595321701778658,0.0029579710447404845,3.233457751115915e-07
3,-0.028882111015009877,-0.028882111015009877,0.0002895747712700284,0.0002895747712700284,0.002862866649607135,4.0507765740556324e-07
4,-0.43908891477480483,-0.43908891477480483,0.006004770608144421,0.006004770608144421,0.45693377537915103,0.00015050038239266392
5,-0.06886350751732083,-0.06886350751732083,0.0012577438654038753,0.0012577438654038753,0.3218102917819938,0.00041697595835050647
6,-0.06772143233920033,-0.06772143233920033,9.572467081367863e-05,9.572467081367863e-05,0.002761592986007236,8.456610086752837e-07
7,-0.07560809210866731,-0.07560809210866731,0.0005449293109624504,0.0005449293109624504,0.0026746620749184165,4.5043857209673493e-07
