,fis_dp,fis_eqop,dp_std,eq_std,accuracy,accuracy_var
0,-0.5155214696656074,-0.44495891633284596,0.006198393774329439,0.006198393774329439,0.3425494311814884,0.0017800111421955908
1,-0.45280825293911636,-0.49639376220806664,0.007294303293201977,0.007294303293201977,0.24390164930162603,0.003974828586582428
2,0.0,0.0,5.403351638087364e-05,5.403351638087364e-05,0.0020036420058073432,1.6058325149742696e-05
3,-0.009794959817753567,-0.007126773048099736,1.535059805302512e-05,1.535059805302512e-05,0.0031183736059017643,3.889701578393909e-05
4,-0.014841083100073387,-0.02264595775865809,9.267878924034714e-05,9.267878924034714e-05,0.2529438511974563,0.003060949425314772
5,-0.006542469593586522,-0.028681389639815726,6.21443296907653e-05,6.21443296907653e-05,0.15232794903747265,9.370864264992837e-05
6,0.0,0.0,4.828615125463171e-08,4.828615125463171e-08,0.0005256892344779922,1.1053966849842297e-06
7,-0.000491764883862743,-0.0001932010125138763,2.900268079756505e-07,2.900268079756505e-07,0.0026294144357694254,6.427286271904644e-06
