,fis_dp,fis_eqop,dp_std,eq_std,accuracy,accuracy_var
0,-0.542261507350714,-0.3075142709492624,0.011738067542288311,0.011738067542288311,0.282382726348582,0.006078468421341467
1,0.08322339534636303,0.19269663690701005,0.00941646029717632,0.00941646029717632,0.1759664434579735,0.003082712930710189
2,-0.013796220046597274,4.574632406318595e-05,0.0018579617362261699,0.0018579617362261699,0.02879540600070533,0.0005857481339697036
3,0.014050235226895014,-0.0033066162495327084,0.0015080322860893448,0.0015080322860893448,0.030912001729668154,0.00015594631172890375
4,-0.05144298312547451,-0.12262608142265727,0.01815857995802253,0.01815857995802253,0.18522644409971364,0.010215915406525096
5,-0.0883677545290844,-0.11221726017473492,0.02075961914655891,0.02075961914655891,0.18100189676976303,0.0063158729959465355
6,0.10460099613935625,-0.04174020284202698,0.002583607103887413,0.002583607103887413,0.05109218957639754,0.001766361581991733
7,0.10225690823551556,0.2198531851307124,0.006915023797581361,0.006915023797581361,0.06462289201719668,0.002024336647069558
