,fis_dp,fis_eqop,dp_std,eq_std,accuracy,accuracy_var
0,-0.5095857566468627,-0.6300696652398539,0.018065992020133436,0.018065992020133436,0.33328260561204764,0.012794743496472505
1,-0.3488167135855496,-0.18075821249148744,0.002541952785885395,0.002541952785885395,0.18448578892078252,0.002676792743151871
2,-0.0525323840582054,-0.08399225946748914,0.0006027685344541856,0.0006027685344541856,0.013540943194143996,4.520399146525888e-05
3,0.0,0.0,0.0009228964396270833,0.0009228964396270833,0.013531838209243235,0.00019378736839156083
4,-0.07285060245911244,-0.07510803230059675,0.004977536756290381,0.004977536756290381,0.2430831628035947,0.01126508378435728
5,-0.008616957856131941,-0.0173132010946916,0.0006323473997640664,0.0006323473997640664,0.19217359727385377,0.011528244025891143
6,-0.0010327729778834293,-0.005077581485766358,1.272888124709821e-05,1.272888124709821e-05,0.005050948141644185,4.282314131059482e-05
7,-0.006564812416254617,-0.007681047920114839,0.0002003101061603543,0.0002003101061603543,0.014851115844689969,0.00033196183259013163
