,fis_dp,fis_eqop,dp_std,eq_std,accuracy,accuracy_var
0,-0.43004392330827956,-0.3953881133056217,0.00430286083551075,0.00430286083551075,0.20869197597808986,0.0005172172562802147
1,-0.26786925292185415,-0.35005560477051717,0.007588567991403693,0.007588567991403693,0.17480172540264746,0.00021293182978185987
2,-0.032129599028065225,-0.05048469523193615,0.0004184278653567825,0.0004184278653567825,0.06623324237085237,7.561355485812934e-05
3,-0.04730771190594047,-0.0581972992102269,0.0001688425105448303,0.0001688425105448303,0.07701292173869875,0.00011151434178761949
4,0.07713041215509879,0.09021207124099042,0.002122735387145916,0.002122735387145916,0.1760710627986978,0.0003709571158799814
5,0.09752580885008276,0.02643784126334055,0.0017845651066740124,0.0017845651066740124,0.14850530081015018,0.0001365953219816265
6,0.03411899365029735,0.01789732103998247,0.0005082792727368582,0.0005082792727368582,0.07225720905717095,5.6988422390931656e-05
7,-0.013874298180381656,0.011327053937384655,0.0008900321655640718,0.0008900321655640718,0.07642656184369265,9.98014572915751e-05
