,fis_dp,fis_eqop,dp_std,eq_std,accuracy,accuracy_var
0,-0.4923771395662967,-0.6014294953691341,0.00070800471929957,0.00070800471929957,0.30826398581202985,0.0006807866068890639
1,-0.24585201677659946,-0.2152195311476475,0.011478796412187945,0.011478796412187945,0.20740117397266813,0.012572865894956653
2,-0.0805718541938056,-0.08604727247257896,0.003618867041480184,0.003618867041480184,0.07930600918860822,0.0029516594102288823
3,0.0,0.0,0.001091056964424669,0.001091056964424669,0.042781041093676336,0.0007037628623198359
4,-0.07167986513282561,-0.043936289196796555,0.0007967417453594909,0.0007967417453594909,0.1385695302132734,0.0010099071640415525
5,-0.06833335744855884,-0.036897314697790735,0.0024808202886242637,0.0024808202886242637,0.14829607989258234,0.007928166994264525
6,0.0,0.0,0.0003211373562602146,0.0003211373562602146,0.030467774067875875,0.0010978840867691987
7,-0.04118576688191393,-0.016470097116052122,0.0001680302772580547,0.0001680302772580547,0.044914405759285805,0.000664472841535357
