,fis_dp,fis_eqop,dp_std,eq_std,accuracy,accuracy_var
0,-0.21000000000000008,-0.21000000000000008,4.000000000000007e-05,4.000000000000007e-05,0.11698768522839867,4.478008758047133e-05
1,-0.13000000000000003,-0.13000000000000003,0.00011999999999999999,0.00011999999999999999,0.06563545580628856,0.00013311131532714522
2,0.0,0.0,0.0,0.0,0.0,0.0
3,0.0,0.0,0.0,0.0,0.0,0.0
4,-0.3499999999999999,-0.3499999999999999,6.399999999999954e-05,6.399999999999954e-05,0.47938739957655707,0.0002514699219992314
5,-0.3099999999999999,-0.3099999999999999,6.399999999999971e-05,6.399999999999971e-05,0.33798945938875574,0.0004544068131774077
6,0.0,0.0,0.0,0.0,0.0,0.0
7,0.0,0.0,0.0,0.0,0.0,0.0
