,fis_dp,fis_eqop,dp_std,eq_std,accuracy,accuracy_var
0,-0.5825536101387839,-0.5659917867162448,0.0014939435016149585,0.0014939435016149585,0.35888604579864264,0.00014637681365544023
1,-0.3831650029389351,-0.3957247362458623,0.0016898761748009162,0.0016898761748009162,0.20830437313543912,0.0008778563989774966
2,0.0,0.0,0.0,0.0,0.0,0.0
3,0.0,0.0,0.0,0.0,0.0,0.0
4,-0.021529531892637017,-0.020566040430234255,0.00010862350105123007,0.00010862350105123007,0.2517465683034925,0.0006286349257448328
5,-0.012751855029643867,-0.017717436607658663,5.161328313456856e-05,5.161328313456856e-05,0.18106301276242567,0.0001214010438782955
6,0.0,0.0,0.0,0.0,0.0,0.0
7,0.0,0.0,0.0,0.0,0.0,0.0
