,fis_dp,fis_eqop,dp_std,eq_std,accuracy,accuracy_var
0,-0.6039385834403017,-0.5147018974522596,0.008204529160705482,0.008204529160705482,0.23220209023276298,0.0011860392527340343
1,-0.11241302612704833,0.12295155430186215,0.003411909617343926,0.003411909617343926,0.18304034889156945,0.0047603424490535225
2,-0.07011067102303264,-0.12514030787061176,0.0014583834018691937,0.0014583834018691937,0.10897431573247367,0.0019327705338508844
3,-0.016223223002052093,-0.07517159494696389,0.003994255635631704,0.003994255635631704,0.09911831061414411,0.000803903417703623
4,-0.0881966976158249,-0.11065342254448755,0.003318820465170696,0.003318820465170696,0.12739560557491497,0.0006928280129630351
5,-0.03823546473878686,-8.714479404437111e-05,0.0001836630933758694,0.0001836630933758694,0.10348448212777261,0.0022078771528704936
6,-0.03039996073259413,-0.0169917345185767,0.0005128169276479898,0.0005128169276479898,0.07497624418053642,0.0024770346355983096
7,-0.040482373320359276,-0.034302343571193876,0.002713503983725216,0.002713503983725216,0.07080860264582578,0.0020513455484967467
