,fis_dp,fis_eqop,dp_std,eq_std,accuracy,accuracy_var
0,-0.3092544490713656,-0.3092544490713656,0.0,0.0,0.462299747836344,0.0
1,-0.0710669560164896,-0.0710669560164896,0.0,0.0,0.07397656325036607,0.0
2,-0.06256994275046872,-0.06256994275046872,0.0,0.0,0.04036553763907981,0.0
3,-0.000827779931781807,-0.000827779931781807,0.0,0.0,0.033874063614750385,0.0
4,-0.3865661329346863,-0.3865661329346863,0.0,0.0,0.25060162155525345,0.0
5,-0.13702025073293203,-0.13702025073293203,0.0,0.0,0.0968552009885418,0.0
6,-0.015413797507299246,-0.015413797507299246,0.0,0.0,0.023448678739155366,0.0
7,-0.017280691054976725,-0.017280691054976725,0.0,0.0,0.018578586376509096,0.0
