,fis_dp,fis_eqop,dp_std,eq_std,accuracy,accuracy_var
0,-0.310975364475808953,0.010975364475808953,0.0,0.0,0.43998625307428,0.0
1,-0.1004328611861490227,-0.0004328611861490227,0.0,0.0,0.0903048507791213,0.0
2,-0.028834373615732396,-0.028834373615732396,0.0,0.0,0.008103662667516193,0.0
3,-0.015953813936931953,-0.015953813936931953,0.0,0.0,0.00750315256140987,0.0
4,0.2354182691407557,0.5354182691407557,0.0,0.0,0.24263369608348317,0.0
5,0.1917556014535639,-0.3917556014535639,0.0,0.0,0.19877634400915536,0.0
6,-0.006296903925793585,-0.006296903925793585,0.0,0.0,0.007716702819322642,0.0
7,0.010332812265264451,0.010332812265264451,0.0,0.0,0.004975338005711563,0.0
