,fis_dp,fis_eqop,dp_std,eq_std,accuracy,accuracy_var
0,-0.3317057502348994,-0.5189309812846797,0.006994329383544551,0.006994329383544551,0.1899621704699818,0.0024016416562362636
1,-0.17176504341300906,0.011260435330315358,0.002516312357656065,0.002516312357656065,0.1398946827787639,0.0007012025917069375
2,-0.13622558347935249,-0.221444752497677,0.0025559961593306724,0.0025559961593306724,0.08661265493649402,7.694391852317268e-05
3,-0.06334244048448934,-0.033186372589675675,0.0027280907339228425,0.0027280907339228425,0.08302212584137719,0.00029387391259062345
4,-0.01183207269921514,-0.07254110591171056,0.007353596729219672,0.007353596729219672,0.18156204671944193,0.0023194480202777686
5,0.04802168029469355,-0.01787246635699143,0.0013082348278870971,0.0013082348278870971,0.15402050144888815,0.001635676178465989
6,0.02309075441942017,-0.04075062041336994,0.0020592653153273226,0.0020592653153273226,0.08332355261037563,7.376383613165133e-05
7,0.014016674974920781,-0.08401326561558035,0.0006672745919859384,0.0006672745919859384,0.0816022651946774,0.00011827337837021263
