,fis_dp,fis_eqop,dp_std,eq_std,accuracy,accuracy_var
0,-0.4947769276005714,-0.5488190538476081,0.02310632658897807,0.02310632658897807,0.2616827213669068,0.006284386803699195
1,-0.04363389316063335,0.11985298552182698,0.009549790609223579,0.009549790609223579,0.13756940386599975,0.002591534576203672
2,0.0,0.0,0.004783724141821018,0.004783724141821018,0.04386511435882747,0.001048609368321742
3,-0.09943045827735313,-0.06955982519563282,0.0019351827532023184,0.0019351827532023184,0.02609393817743878,0.0015148875574710467
4,0.18151326417034033,-0.1726103821414067,0.053174710935880644,0.053174710935880644,0.22736045843869981,0.006996990912960803
5,-0.009192701917013242,-0.00032690136273002055,0.0030749112070258397,0.0030749112070258397,0.18490720666794158,0.010459886252200259
6,-0.15070586465509195,-0.0827443672261776,0.014629832677611638,0.014629832677611638,0.07087088414570644,0.0012457910463039902
7,0.020746890218996575,0.0060864847046178845,0.002442960817111251,0.002442960817111251,0.04765027297847941,0.0016531228028797654
