,fis_dp,fis_eqop,dp_std,eq_std,accuracy,accuracy_var
0,-0.3899031702945235,-0.39270796229359745,0.0,0.0,0.24553493186124878,0.0
1,-0.17076441060478442,-0.21507632023243659,0.0,0.0,0.13582334119410014,0.0
2,-0.02125312193660939,-0.04590104361688907,0.0,0.0,0.04147315084147925,0.0
3,-0.061562614940933916,-0.08729501016499013,0.0,0.0,0.04463743265567509,0.0
4,0.3050472305512881,-0.021368060707824623,0.0,0.0,0.22992835679986268,0.0
5,-0.01244611480280595,-0.039144597278876245,0.0,0.0,0.18798044356112542,0.0
6,0.01266542748219928,-0.10564826251250911,0.0,0.0,0.07210766737991808,0.0
7,-0.026357909386855487,-0.09285874319287672,0.0,0.0,0.042514675706590684,0.0
