,fis_dp,fis_eqop,dp_std,eq_std,accuracy,accuracy_var
0,0.04194212594895627,0.18699433472614074,0.007141059365383969,0.007141059365383969,0.13063774955698362,0.003533123710336307
1,-0.23254567221830275,-0.015163674374057202,0.011219240876388047,0.011219240876388047,0.12827328143050337,0.006333560233793301
2,-0.1613312284645283,-0.21292095275189024,0.0034214656926600264,0.0034214656926600264,0.07624644081632777,0.00125402446234729
3,-0.10200687384608738,-0.2656599419198593,0.02052689833828853,0.02052689833828853,0.12756651241392755,0.006195141633394215
4,-0.4192386575331698,-0.19594226875889054,0.010120333020095958,0.010120333020095958,0.2023900297415504,0.010000282324934618
5,-0.0370044485612125,0.02258429730820653,0.009972604375098632,0.009972604375098632,0.18784732196663462,0.01396200786752937
6,0.0,0.0,0.016196768073924974,0.016196768073924974,0.07335113617295905,0.004018316320171261
7,0.0059309934277429,0.10073453016095532,0.011483562903117266,0.011483562903117266,0.07368752790111352,0.00019694026745690173
