,fis_dp,fis_eqop,dp_std,eq_std,accuracy,accuracy_var
0,-0.5362560014969288,-0.5362560014969288,0.0,0.0,0.38144022426105834,0.0
1,-0.015012993146642596,-0.015012993146642596,0.0,0.0,0.06249341816785627,0.0
2,-0.010340397542865507,-0.010340397542865507,0.0,0.0,0.02834438316599742,0.0
3,-0.02156418172520121,-0.02156418172520121,0.0,0.0,0.020621054618910423,0.0
4,-0.345147783683018,-0.345147783683018,0.0,0.0,0.3318937654796872,0.0
5,-0.051652350887996405,-0.051652350887996405,0.0,0.0,0.1351249039025781,0.0
6,-0.000872171252789974,-0.000872171252789974,0.0,0.0,0.024454598070608367,0.0
7,-0.019154120264557633,-0.019154120264557633,0.0,0.0,0.01562765233330389,0.0
