,fis_dp,fis_eqop,dp_std,eq_std,accuracy,accuracy_var
0,-0.3139289052542009,-0.3784567961029888,0.0011829743976720024,0.0011829743976720024,0.1846390659667424,0.0006729134782221858
1,-0.19399699961296904,-0.06743799590064982,0.004179761460754864,0.004179761460754864,0.14788680877840205,0.001113009666882085
2,-0.22737880544807454,-0.3115243033649299,0.00568766012485826,0.00568766012485826,0.11039907779929832,0.00018910081773816496
3,-0.11089191323639083,-0.10251556623720222,0.0008642442302493368,0.0008642442302493368,0.10171103153060237,0.00013399963293864436
4,-0.038821565872153074,-0.03703196927968937,0.0005379438960288216,0.0005379438960288216,0.12843329039688825,0.00013710354779802842
5,-0.04552998696763433,-0.023165490525878164,0.0005275829071210826,0.0005275829071210826,0.13363041035738224,0.0007743704346530554
6,-0.033935596632354,-0.07580541531965215,0.001444150505443924,0.001444150505443924,0.0951885416154889,0.00022798593445410312
7,0.03551622697622327,-0.004062463269009576,0.001133233081988293,0.001133233081988293,0.09811177355519549,1.918963034192952e-05
