,fis_dp,fis_eqop,dp_std,eq_std,accuracy,accuracy_var
0,-0.3399612569835559,-0.2462172542555706,0.002855351288394787,0.002855351288394787,0.17300101299834447,0.00021885763023247727
1,-0.3098615600344737,-0.2452503669817897,0.0019501966525464934,0.0019501966525464934,0.14634880014470375,0.00012342761809321245
2,-0.13113128714842318,-0.1257586162581128,0.0008054959196850132,0.0008054959196850132,0.09911984608830994,2.4088821653579238e-05
3,-0.13307098234395687,-0.11585170845826805,0.0006391148357227712,0.0006391148357227712,0.09844320220338929,5.11239872895053e-05
4,0.01071754998265204,0.108860527592479756,0.00015244232442064657,0.00015244232442064657,0.15448710500258853,0.00021689883750002176
5,0.01450755231014718,0.0632085290561104,0.000306707784518506,0.000306707784518506,0.13176985149891923,2.849299444902478e-06
6,-0.03831920735818715,0.03858016969972098,0.00042017613424619876,0.00042017613424619876,0.0997979620965851,1.4614970643140891e-05
7,-0.022430603838603992,0.056272827697947565,7.462142129831926e-05,7.462142129831926e-05,0.09703221996715967,1.3748201063003035e-05
