,fis_dp,fis_eqop,dp_std,eq_std,accuracy,accuracy_var
0,-0.4605399543952583,-0.8605399543952583,0.0,0.0,0.4274519732733052,0.0
1,0.113822223817609502,0.013822223817609502,0.0,0.0,0.08899555802163671,0.0
2,-0.007109089334770573,-0.007109089334770573,0.0,0.0,0.008969704859470398,0.0
3,-0.005450199423368733,-0.005450199423368733,0.0,0.0,0.007981309553124424,0.0
4,0.25029366857641904,0.05029366857641904,0.0,0.0,0.2921545600751339,0.0
5,0.24256141068880758,0.04256141068880758,0.0,0.0,0.1570656179948603,0.0
6,0.00940441455303522,-0.00940441455303522,0.0,0.0,0.008601180698114719,0.0
7,0.010819039210731051,-0.010819039210731051,0.0,0.0,0.008780095524354345,0.0
