,fis_dp,fis_eqop,dp_std,eq_std,accuracy,accuracy_var
0,0.5343977615580997,0.5343977615580997,0.0,0.0,0.265303194707856,0.0
1,-0.08119694284466238,-0.08119694284466238,0.0,0.0,0.24693460686445606,0.0
2,-0.0451196117031268,-0.0451196117031268,0.0,0.0,0.007567653063136357,0.0
3,-0.1004055632558818,-0.1004055632558818,0.0,0.0,0.013691795583786765,0.0
4,-0.009222743042092349,-0.009222743042092349,0.0,0.0,0.3642678575020406,0.0
5,0.14126000126906152,0.14126000126906152,0.0,0.0,0.04252814707660278,0.0
6,-0.012916601687446879,-0.012916601687446879,0.0,0.0,0.025821482802312754,0.0
7,-0.07548077463962848,-0.07548077463962848,0.0,0.0,0.03388526239980867,0.0
