,fis_dp,fis_eqop,dp_std,eq_std,accuracy,accuracy_var
0,-0.3053755287306975,-0.7053755287306975,0.0,0.0,0.4526728903468216,0.0
1,-0.115544717691792054,-0.015544717691792054,0.0,0.0,0.09655494293002691,0.0
2,-0.01622086196885186,-0.01622086196885186,0.0,0.0,0.008823478764649577,0.0
3,-0.015253203203579651,-0.015253203203579651,0.0,0.0,0.009340385844126591,0.0
4,0.26045455306085124,0.16045455306085124,0.0,0.0,0.25662476319806216,0.0
5,0.16169550440798544,0.06169550440798544,0.0,0.0,0.1570420020822229,0.0
6,0.013433305676325264,-0.013433305676325264,0.0,0.0,0.009239641674416247,0.0
7,0.012022325259916936,-0.012022325259916936,0.0,0.0,0.009701895159673901,0.0
