,fis_dp,fis_eqop,dp_std,eq_std,accuracy,accuracy_var
0,-0.38125978534768223,-0.34995644409838245,0.005120146056874213,0.005120146056874213,0.18033317540878419,0.00043424289061209074
1,-0.10764598225689304,-0.1164525771812393,0.008711146320714304,0.008711146320714304,0.15128862341748545,0.0001236566635379281
2,-0.2397292384522884,-0.25816179161408875,0.0031924069240036683,0.0031924069240036683,0.10670889985972273,0.000407026361587314
3,-0.09246522631268213,-0.10236140574078861,0.0008600624707058413,0.0008600624707058413,0.09150510394930858,0.0009187770754117439
4,0.09938563055961695,0.07225470136516983,0.005693097874487024,0.005693097874487024,0.15014047025033028,0.000692714821003309
5,0.02088662980999446,-0.007206333171696937,0.0032850891911241414,0.0032850891911241414,0.12282492524637992,0.00044346252790726255
6,-0.017064061773369055,-0.07684497880369148,0.0003027276540711494,0.0003027276540711494,0.0903009951976689,0.00043203016849832805
7,-0.0415634454874738,0.016761768024942548,0.0010227682764963272,0.0010227682764963272,0.10689780667031985,0.0001875104809104542
