,fis_dp,fis_eqop,dp_std,eq_std,accuracy,accuracy_var
0,-0.3172191073126928,-0.33564375151233766,0.003862311402077026,0.003862311402077026,0.24189083067384742,0.000710069593411899
1,-0.23781791346685308,-0.0950951093784941,0.004102603468937705,0.004102603468937705,0.1771150324439485,0.00017788388462093772
2,-0.019495941818660743,-0.14390408672058372,0.000928864916272644,0.000928864916272644,0.04742054163069735,0.00037919601874379476
3,-0.03440302781184199,-0.026400902988137867,0.00020031817159030745,0.00020031817159030745,0.05079645945873518,0.00016934958511057404
4,0.22503255879001438,0.11411445869106898,0.010917591574364982,0.010917591574364982,0.22500110135368648,0.0008680165519078566
5,0.10510719245345579,0.11499631564243543,0.005894116585830471,0.005894116585830471,0.16630132889772314,0.00036601417616530257
6,-0.030386576906250348,-0.04641995613159694,0.004187792574560153,0.004187792574560153,0.044854263090852456,4.6334186984571294e-05
7,-0.030537681440230887,-0.12342541893534531,0.0005536412467997661,0.0005536412467997661,0.04662044245050951,8.008460798775117e-05
