,fis_dp,fis_eqop,dp_std,eq_std,accuracy,accuracy_var
0,-0.3646385011570654,0.2646385011570654,0.0,0.0,0.4322490718598284,0.0
1,-0.10304713688524111,-0.10304713688524111,0.0,0.0,0.07753092485996678,0.0
2,-0.03880301101688418,-0.03880301101688418,0.0,0.0,0.008246291911266974,0.0
3,-0.02092813923575231,-0.02092813923575231,0.0,0.0,0.007678086033797893,0.0
4,0.20604903184425484,0.40604903184425484,0.0,0.0,0.2749599605048984,0.0
5,0.15526347428613691,0.05526347428613691,0.0,0.0,0.17916176741865694,0.0
6,-0.03421900695375224,-0.03421900695375224,0.0,0.0,0.009164807679733612,0.0
7,-0.07705169862091299,-0.07705169862091299,0.0,0.0,0.011009089731850928,0.0
