,fis_dp,fis_eqop,dp_std,eq_std,accuracy,accuracy_var
0,-0.5944327405840067,-0.4280347096676801,0.06627825677036309,0.06627825677036309,0.24968602731484402,0.007467671580070244
1,0.034270911693132414,-0.05491676821851351,0.013603534673819057,0.013603534673819057,0.14061495495617865,0.004278995920257609
2,0.0,0.0,0.009463067180608613,0.009463067180608613,0.07708698435156783,0.0021411858146015523
3,0.0,0.0,0.0005349469710395047,0.0005349469710395047,0.04768498515912913,0.0031527086352889843
4,0.07631769792612943,0.010680381565170382,0.02133826819834676,0.02133826819834676,0.11550890995985327,0.004593853015394963
5,-0.2120403939480138,-0.2939789839088899,0.00658156689974114,0.00658156689974114,0.19987852997490646,0.008761003002253891
6,0.05813947405251818,-0.11167476919070897,0.010496694684047366,0.010496694684047366,0.08828167906100155,0.0021225031066991183
7,-0.024798781796199508,-0.10071438744903706,0.00630629561111519,0.00630629561111519,0.08125792922251909,0.0009184001037681952
