,fis_dp,fis_eqop,dp_std,eq_std,accuracy,accuracy_var
0,0.057639680857084166,0.03690563118552302,0.0,0.0,0.04266510798530631,0.0
1,0.032631086742498115,0.026052597387923856,0.0,0.0,0.010723819685626513,0.0
2,-0.05470655318236659,0.06776215038918769,0.0,0.0,0.0821002303824329,0.0
3,-0.05959253214831378,-0.05596562054308578,0.0,0.0,0.20553554416432446,0.0
4,-0.1545917308659471,0.2441485814646887,0.0,0.0,0.060254551324585945,0.0
5,0.05847691114278311,0.07062127161292797,0.0,0.0,0.06551378464709512,0.0
6,-0.5118202420096613,-0.4652589371750997,0.0,0.0,0.5082545752352111,0.0
7,0.047279084215405706,0.01720727671764617,0.0,0.0,0.015434292224596554,0.0
8,0.023262178835940155,0.016077933523917048,0.0,0.0,0.009518094350821142,0.0
