,fis_dp,fis_eqop,dp_std,eq_std,accuracy,accuracy_var
0,0.1789074419021782,0.2267599065629689,0.0003510796147500299,0.0003510796147500299,0.06259140181247067,1.5358590567756563e-06
1,0.054692907406849664,0.01737800114890012,0.00013874167422269276,0.00013874167422269276,0.05254998828215775,1.1568353036741596e-05
2,-0.035792875458203757,0.02241569647602113,0.00023558481511233315,0.00023558481511233315,0.08505403862439413,2.6141833666669612e-05
3,-0.035307943410118456,-0.11910345804211707,0.000365637914235405,0.000365637914235405,0.1303256500239788,5.292062770420554e-05
4,-0.05019509202506599397,0.03533617793126451,0.00022417145128755242,0.00022417145128755242,0.20642928447713796,0.00010345849667999809
5,0.03718115624225144,0.029382068906665164,0.00029888899247694403,0.00029888899247694403,0.0866811972532921,5.699891577989193e-05
6,-0.31476004789414724,-0.2925694592637113,0.0014328136585716749,0.0014328136585716749,0.3348359045369583,0.00017438860077983597
7,0.16683336732497114,0.1463618374955173,0.00022055877606429517,0.00022055877606429517,0.021185457292754194,3.512444716588456e-06
8,0.12632916833621402,0.11069339417283451,0.00048396531917355086,0.00048396531917355086,0.020347077696856238,2.1677068433874023e-06
