,fis_dp,accuracy
0,-0.1984861897577733,0.011824395151853814
1,-0.13176586043586214,0.00293195062556455
2,0.010706134907099967,0.01471253702039285
3,-6.105445961826822e-05,0.0029076573061361704
4,0.46746542498508853,0.5051787737770054
5,-0.18634767759899745,0.45011144410263876
6,-0.002011764624467388,0.0076809903265908
7,-0.0031558932310930764,0.004652251689817872
