,fis_dp,accuracy
0,-0.01685169085980312,0.0014284025784632583
1,-0.18155684560006285,0.00420071137904923
2,0.0,0.0002591364671621834
3,-0.0036860285161354283,0.0007807095614013604
4,-0.38032828697901255,0.4509338935955449
5,-0.41757714804498597,0.5423971464183791
6,0.0,0.0
7,0.0,0.0
