,fis_dp,accuracy
0,-0.008569595687629198,0.05842044676892202
1,-0.005196845494273224,0.11589483714192303
2,-0.0023311964299583656,0.0021025124975019376
3,-0.0011191964558628956,0.004506110266631783
4,-0.011865924935407956,0.34506184380803323
5,-0.007771234399050912,0.4720866231358415
6,-0.9631460065978174,0.0019276263811465963
7,0.0,0.0
