,fis_dp,accuracy
0,-0.25578458963461503,0.09096281199999298
1,-0.41098554431352835,0.07170694137760479
2,-0.10937184672559307,0.01972108653761037
3,-0.0600322399071704,0.02287562196813235
4,0.0805922333984687,0.363090159920047
5,0.06788284633361352,0.40703496485435553
6,0.010467145825942797,0.012767424759093305
7,-0.004883553861068021,0.011840988583163624
