,fis_dp,accuracy
0,0.08657017591636376,0.07442314072049742
1,0.12246500848506675,0.1311809311295351
2,0.0265945253271044,0.012316289467202621
3,-0.20548826892666763,0.01880297714548479
4,0.06592408097647659,0.21546526793896767
5,0.11925593474830565,0.5395025915167417
6,-0.36900982134450383,0.004641011171981013
7,0.004692184275511268,0.0036677909095896273
