,fis_dp,fis_eqop,dp_std,eq_std,accuracy,accuracy_var
0,-0.3574797577977634,-0.4621173501097031,0.0018458541469547646,0.0018458541469547646,0.2844137033341123,0.0002595729165450506
1,-0.2583615599401411,-0.27231818064413754,0.0028483671258324734,0.0028483671258324734,0.2040832318214405,0.00017664802689953388
2,0.016142554468762376,0.006116997205949942,0.00019736954347257147,0.00019736954347257147,0.030257437349214877,4.153102577308686e-05
3,0.01883409526945026,0.037244176325378006,0.0005009205951857999,0.0005009205951857999,0.02883845166058363,4.76331524677694e-05
4,0.1955079751069164,0.16602402278379521,0.0015973201169199969,0.0015973201169199969,0.21316579586679052,0.00032052352610022677
5,0.1077091158752468,0.02920550398789089,5.52922131695174e-05,5.52922131695174e-05,0.18592137047650986,6.191658294491582e-05
6,0.029151133755788695,0.020352621794816575,0.00013129285992871404,0.00013129285992871404,0.02722068489087348,6.864211425157199e-05
7,0.016813807785931084,0.0066211471483286835,5.6249945375678893e-05,5.6249945375678893e-05,0.02609932460047477,1.93444031591798e-05
