,fis_dp,fis_eqop,dp_std,eq_std,accuracy,accuracy_var
0,-0.219427441,-0.219427441,0.001768623,0.001768623,0.128472168,8.88E-05
1,-0.041556143,-0.041556143,0.00433283,0.00433283,0.07480087,0.000124649
2,-0.031479507,-0.031479507,0.000293777,0.000293777,0.001766024,6.95E-07
3,-0.003572945,-0.003572945,0.000402553,0.000402553,0.001369842,2.98E-08
4,0.466270388,0.466270388,0.012765724,0.012765724,0.464296982,0.000152391
5,0.141126026,0.141126026,0.004836818,0.004836818,0.326374463,0.00043386
6,0.016024132,0.016024132,0.000274863,0.000274863,0.001515775,2.54E-07
7,0.080543418,0.080543418,0.001195397,0.001195397,0.001403876,1.94E-07
